--------------------------------------------------------
--  File created - Sunday-June-06-2021   
--------------------------------------------------------
--------------------------------------------------------
--  DDL for Table BENHNHAN
--------------------------------------------------------
drop user HOSPITAL_MANAGE; 
CREATE USER HOSPITAL_MANAGE identified by "1111";
GRANT ALL PRIVILEGES TO HOSPITAL_MANAGE;
drop table "HOSPITAL_MANAGE"."BENHNHAN";
cREATE TABLE "HOSPITAL_MANAGE"."BENHNHAN" 
   (	"MABN" NUMBER(*,0), 
	"HOTEN" NVARCHAR2(150), 
	"NGAYSINH" DATE, 
	"ADDRESS" NVARCHAR2(200), 
	"SDT" VARCHAR2(13 BYTE)
   ) SEGMENT CREATION IMMEDIATE 
  PCTFREE 10 PCTUSED 40 INITRANS 1 MAXTRANS 255 
 NOCOMPRESS LOGGING
  STORAGE(INITIAL 65536 NEXT 1048576 MINEXTENTS 1 MAXEXTENTS 2147483645
  PCTINCREASE 0 FREELISTS 1 FREELIST GROUPS 1
  BUFFER_POOL DEFAULT FLASH_CACHE DEFAULT CELL_FLASH_CACHE DEFAULT)
TABLESPACE "SYSTEM" ;
--------------------------------------------------------
--  DDL for Table CHAMCONG
--------------------------------------------------------
drop table hospital_manage.chamcong;
  CREATE TABLE "HOSPITAL_MANAGE"."CHAMCONG" 
   (	"MANV" NUMBER(*,0), 
	"THANG" NUMBER(*,0), 
	"SONGAY" NUMBER(*,0)
   ) SEGMENT CREATION IMMEDIATE 
  PCTFREE 10 PCTUSED 40 INITRANS 1 MAXTRANS 255 
 NOCOMPRESS LOGGING
  STORAGE(INITIAL 65536 NEXT 1048576 MINEXTENTS 1 MAXEXTENTS 2147483645
  PCTINCREASE 0 FREELISTS 1 FREELIST GROUPS 1
  BUFFER_POOL DEFAULT FLASH_CACHE DEFAULT CELL_FLASH_CACHE DEFAULT)
  TABLESPACE "SYSTEM" ;
--------------------------------------------------------
--  DDL for Table CHITIETDONTHUOC
--------------------------------------------------------
drop TABLE "HOSPITAL_MANAGE"."CHITIETDONTHUOC";
  CREATE TABLE "HOSPITAL_MANAGE"."CHITIETDONTHUOC" 
   (	"MAKB" NUMBER(*,0), 
	"MATHUOC" VARCHAR2(5 BYTE), 
	"SL" NUMBER(*,0), 
	"LIEUDUNG" NVARCHAR2(20), 
	"DESCRIP" NVARCHAR2(200)
   ) SEGMENT CREATION IMMEDIATE 
  PCTFREE 10 PCTUSED 40 INITRANS 1 MAXTRANS 255 
 NOCOMPRESS LOGGING
  STORAGE(INITIAL 65536 NEXT 1048576 MINEXTENTS 1 MAXEXTENTS 2147483645
  PCTINCREASE 0 FREELISTS 1 FREELIST GROUPS 1
  BUFFER_POOL DEFAULT FLASH_CACHE DEFAULT CELL_FLASH_CACHE DEFAULT)
  TABLESPACE "SYSTEM" ;
--------------------------------------------------------
--  DDL for Table CHITIETHD
--------------------------------------------------------
drop TABLE "HOSPITAL_MANAGE"."CHITIETHD" ;
  CREATE TABLE "HOSPITAL_MANAGE"."CHITIETHD" 
   (	"SOHD" NUMBER(*,0), 
	"MADV" NUMBER(*,0)
   ) SEGMENT CREATION IMMEDIATE 
  PCTFREE 10 PCTUSED 40 INITRANS 1 MAXTRANS 255 
 NOCOMPRESS LOGGING
  STORAGE(INITIAL 65536 NEXT 1048576 MINEXTENTS 1 MAXEXTENTS 2147483645
  PCTINCREASE 0 FREELISTS 1 FREELIST GROUPS 1
  BUFFER_POOL DEFAULT FLASH_CACHE DEFAULT CELL_FLASH_CACHE DEFAULT)
  TABLESPACE "SYSTEM" ;
--------------------------------------------------------
--  DDL for Table DICHVU
--------------------------------------------------------
drop TABLE "HOSPITAL_MANAGE"."DICHVU" ;
  CREATE TABLE "HOSPITAL_MANAGE"."DICHVU" 
   (	"MADV" NUMBER(*,0), 
	"TENDV" NVARCHAR2(150), 
	"PRICE" NUMBER(19,4)
   ) SEGMENT CREATION IMMEDIATE 
  PCTFREE 10 PCTUSED 40 INITRANS 1 MAXTRANS 255 
 NOCOMPRESS LOGGING
  STORAGE(INITIAL 65536 NEXT 1048576 MINEXTENTS 1 MAXEXTENTS 2147483645
  PCTINCREASE 0 FREELISTS 1 FREELIST GROUPS 1
  BUFFER_POOL DEFAULT FLASH_CACHE DEFAULT CELL_FLASH_CACHE DEFAULT)
  TABLESPACE "SYSTEM" ;
--------------------------------------------------------
--  DDL for Table DONTHUOC
--------------------------------------------------------
drop TABLE "HOSPITAL_MANAGE"."DONTHUOC";
  CREATE TABLE "HOSPITAL_MANAGE"."DONTHUOC" 
   (	"MAKB" NUMBER(*,0), 
	"MANV" NUMBER(*,0)
   ) SEGMENT CREATION IMMEDIATE 
  PCTFREE 10 PCTUSED 40 INITRANS 1 MAXTRANS 255 
 NOCOMPRESS LOGGING
  STORAGE(INITIAL 65536 NEXT 1048576 MINEXTENTS 1 MAXEXTENTS 2147483645
  PCTINCREASE 0 FREELISTS 1 FREELIST GROUPS 1
  BUFFER_POOL DEFAULT FLASH_CACHE DEFAULT CELL_FLASH_CACHE DEFAULT)
  TABLESPACE "SYSTEM" ;
--------------------------------------------------------
--  DDL for Table DONVI
--------------------------------------------------------
drop TABLE "HOSPITAL_MANAGE"."DONVI" ;
  CREATE TABLE "HOSPITAL_MANAGE"."DONVI" 
   (	"MADV" NUMBER(*,0), 
	"TEN" NVARCHAR2(150)
   ) SEGMENT CREATION IMMEDIATE 
  PCTFREE 10 PCTUSED 40 INITRANS 1 MAXTRANS 255 
 NOCOMPRESS LOGGING
  STORAGE(INITIAL 65536 NEXT 1048576 MINEXTENTS 1 MAXEXTENTS 2147483645
  PCTINCREASE 0 FREELISTS 1 FREELIST GROUPS 1
  BUFFER_POOL DEFAULT FLASH_CACHE DEFAULT CELL_FLASH_CACHE DEFAULT)
  TABLESPACE "SYSTEM" ;
--------------------------------------------------------
--  DDL for Table HOADON
--------------------------------------------------------
drop TABLE "HOSPITAL_MANAGE"."HOADON";
  CREATE TABLE "HOSPITAL_MANAGE"."HOADON" 
   (	"SOHD" NUMBER(*,0), 
	"MAKB" NUMBER(*,0), 
	"NGAY" DATE, 
	"NGUOIPT" NUMBER(*,0), 
	"TONGTIEN" NUMBER(19,4)
   ) SEGMENT CREATION IMMEDIATE 
  PCTFREE 10 PCTUSED 40 INITRANS 1 MAXTRANS 255 
 NOCOMPRESS LOGGING
  STORAGE(INITIAL 65536 NEXT 1048576 MINEXTENTS 1 MAXEXTENTS 2147483645
  PCTINCREASE 0 FREELISTS 1 FREELIST GROUPS 1
  BUFFER_POOL DEFAULT FLASH_CACHE DEFAULT CELL_FLASH_CACHE DEFAULT)
  TABLESPACE "SYSTEM" ;
--------------------------------------------------------
--  DDL for Table HOSO_DICHVU
--------------------------------------------------------
drop TABLE "HOSPITAL_MANAGE"."HOSO_DICHVU";
  CREATE TABLE "HOSPITAL_MANAGE"."HOSO_DICHVU" 
   (	"MAKB" NUMBER(*,0), 
	"MADV" NUMBER(*,0), 
	"NGAY" DATE, 
	"NGUOI_TH" NUMBER(*,0)
   ) SEGMENT CREATION IMMEDIATE 
  PCTFREE 10 PCTUSED 40 INITRANS 1 MAXTRANS 255 
 NOCOMPRESS LOGGING
  STORAGE(INITIAL 65536 NEXT 1048576 MINEXTENTS 1 MAXEXTENTS 2147483645
  PCTINCREASE 0 FREELISTS 1 FREELIST GROUPS 1
  BUFFER_POOL DEFAULT FLASH_CACHE DEFAULT CELL_FLASH_CACHE DEFAULT)
  TABLESPACE "SYSTEM" ;
--------------------------------------------------------
--  DDL for Table HOSOBN
--------------------------------------------------------
drop TABLE "HOSPITAL_MANAGE"."HOSOBN" ;
  CREATE TABLE "HOSPITAL_MANAGE"."HOSOBN" 
   (	"MAKB" NUMBER(*,0), 
	"MATT" NUMBER(*,0), 
	"MABS" NUMBER(*,0), 
	"MABN" NUMBER(*,0), 
	"NGAYKHAM" DATE, 
	"TINHTRANG" NVARCHAR2(1000), 
	"KETLUAN" NVARCHAR2(1000)
   ) SEGMENT CREATION IMMEDIATE 
  PCTFREE 10 PCTUSED 40 INITRANS 1 MAXTRANS 255 
 NOCOMPRESS LOGGING
  STORAGE(INITIAL 65536 NEXT 1048576 MINEXTENTS 1 MAXEXTENTS 2147483645
  PCTINCREASE 0 FREELISTS 1 FREELIST GROUPS 1
  BUFFER_POOL DEFAULT FLASH_CACHE DEFAULT CELL_FLASH_CACHE DEFAULT)
  TABLESPACE "SYSTEM" ;
--------------------------------------------------------
--  DDL for Table NHANVIEN
--------------------------------------------------------
drop TABLE "HOSPITAL_MANAGE"."NHANVIEN";
  CREATE TABLE "HOSPITAL_MANAGE"."NHANVIEN" 
   (	"MANV" NUMBER(*,0), 
	"HOTEN" NVARCHAR2(100), 
	"LUONG" NUMBER(19,4), 
	"VAITRO" NVARCHAR2(200), 
	"DONVI" NUMBER(*,0), 
	"OLS_NHANVIEN" NUMBER(10,0) DEFAULT NULL
   ) SEGMENT CREATION IMMEDIATE 
  PCTFREE 10 PCTUSED 40 INITRANS 1 MAXTRANS 255 
 NOCOMPRESS LOGGING
  STORAGE(INITIAL 65536 NEXT 1048576 MINEXTENTS 1 MAXEXTENTS 2147483645
  PCTINCREASE 0 FREELISTS 1 FREELIST GROUPS 1
  BUFFER_POOL DEFAULT FLASH_CACHE DEFAULT CELL_FLASH_CACHE DEFAULT)
  TABLESPACE "SYSTEM";
--------------------------------------------------------
--  DDL for Table THUOC
--------------------------------------------------------
drop TABLE "HOSPITAL_MANAGE"."THUOC";
  CREATE TABLE "HOSPITAL_MANAGE"."THUOC" 
   (	"MATHUOC" VARCHAR2(5 BYTE), 
	"TENTH" NVARCHAR2(200), 
	"DVT" NVARCHAR2(20), 
	"PRICE" NUMBER(19,4)
   ) SEGMENT CREATION IMMEDIATE 
  PCTFREE 10 PCTUSED 40 INITRANS 1 MAXTRANS 255 
 NOCOMPRESS LOGGING
  STORAGE(INITIAL 65536 NEXT 1048576 MINEXTENTS 1 MAXEXTENTS 2147483645
  PCTINCREASE 0 FREELISTS 1 FREELIST GROUPS 1
  BUFFER_POOL DEFAULT FLASH_CACHE DEFAULT CELL_FLASH_CACHE DEFAULT)
  TABLESPACE "SYSTEM" ;
REM INSERTING into HOSPITAL_MANAGE.BENHNHAN
SET DEFINE OFF;
Insert into HOSPITAL_MANAGE.BENHNHAN (MABN,HOTEN,NGAYSINH,ADDRESS,SDT) values (1,'ƒ?·∫∑ng Tu·∫•n Anh',to_date('04-DEC-92','DD-MON-RR'),'H·ªì Ch√≠ Minh','0988585568');
Insert into HOSPITAL_MANAGE.BENHNHAN (MABN,HOTEN,NGAYSINH,ADDRESS,SDT) values (2,'Ho√†ng ƒ?·ª©c Anh',to_date('10-AUG-92','DD-MON-RR'),'H·ªì Ch√≠ Minh','0916175566');
Insert into HOSPITAL_MANAGE.BENHNHAN (MABN,HOTEN,NGAYSINH,ADDRESS,SDT) values (3,'L∆∞u Trang Anh',to_date('15-AUG-92','DD-MON-RR'),'H·ªì Ch√≠ Minh','0987898882');
Insert into HOSPITAL_MANAGE.BENHNHAN (MABN,HOTEN,NGAYSINH,ADDRESS,SDT) values (4,'Ph·∫°m Ho√†ng Anh',to_date('29-SEP-92','DD-MON-RR'),'H·ªì Ch√≠ Minh','0912040325');
Insert into HOSPITAL_MANAGE.BENHNHAN (MABN,HOTEN,NGAYSINH,ADDRESS,SDT) values (5,'Ph·∫°m Th·ªã Hi·ª?n Anh',to_date('19-MAY-88','DD-MON-RR'),'H·ªì Ch√≠ Minh','0989965118');
Insert into HOSPITAL_MANAGE.BENHNHAN (MABN,HOTEN,NGAYSINH,ADDRESS,SDT) values (6,'Ph·∫°m Kh·∫Øc Vi·ªát Anh',to_date('12-NOV-92','DD-MON-RR'),'H·ªì Ch√≠ Minh','0904352749');
Insert into HOSPITAL_MANAGE.BENHNHAN (MABN,HOTEN,NGAYSINH,ADDRESS,SDT) values (7,'ƒ?·ªó Ho√†ng Gia B·∫£o',to_date('05-NOV-92','DD-MON-RR'),'H·ªì Ch√≠ Minh','0902210733');
Insert into HOSPITAL_MANAGE.BENHNHAN (MABN,HOTEN,NGAYSINH,ADDRESS,SDT) values (8,'Tr·∫ßn Th·ªã Minh Ch√¢u',to_date('06-FEB-92','DD-MON-RR'),'H·ªì Ch√≠ Minh','0934447788');
Insert into HOSPITAL_MANAGE.BENHNHAN (MABN,HOTEN,NGAYSINH,ADDRESS,SDT) values (9,'TƒÉng Ph∆∞∆°ng Chi',to_date('10-AUG-92','DD-MON-RR'),'H·ªì Ch√≠ Minh','0968686291');
Insert into HOSPITAL_MANAGE.BENHNHAN (MABN,HOTEN,NGAYSINH,ADDRESS,SDT) values (10,'Gan Feng Du',to_date('26-DEC-92','DD-MON-RR'),'H·ªì Ch√≠ Minh','0983266986');
Insert into HOSPITAL_MANAGE.BENHNHAN (MABN,HOTEN,NGAYSINH,ADDRESS,SDT) values (11,'Ph·∫°m Ti·∫øn D≈©ng',to_date('11-DEC-92','DD-MON-RR'),'H·ªì Ch√≠ Minh','0912177345');
Insert into HOSPITAL_MANAGE.BENHNHAN (MABN,HOTEN,NGAYSINH,ADDRESS,SDT) values (12,'Nguy·ªÖn Th√°i D∆∞∆°ng',to_date('10-JUL-91','DD-MON-RR'),'H·ªì Ch√≠ Minh','0903220098');
Insert into HOSPITAL_MANAGE.BENHNHAN (MABN,HOTEN,NGAYSINH,ADDRESS,SDT) values (13,'Tr·∫ßn An D∆∞∆°ng',to_date('04-MAY-92','DD-MON-RR'),'H·ªì Ch√≠ Minh','0976785816');
Insert into HOSPITAL_MANAGE.BENHNHAN (MABN,HOTEN,NGAYSINH,ADDRESS,SDT) values (14,'M·∫°c Trung ƒ?·ª©c',to_date('28-JUL-92','DD-MON-RR'),'H·ªì Ch√≠ Minh','9.83109724E8');
Insert into HOSPITAL_MANAGE.BENHNHAN (MABN,HOTEN,NGAYSINH,ADDRESS,SDT) values (15,'V≈© H∆∞∆°ng Giang',to_date('28-NOV-92','DD-MON-RR'),'H·ªì Ch√≠ Minh','9.83899956E8');
Insert into HOSPITAL_MANAGE.BENHNHAN (MABN,HOTEN,NGAYSINH,ADDRESS,SDT) values (17,'Nguy·ªÖn Th·ªã Ng√¢n H√†',to_date('27-FEB-92','DD-MON-RR'),'H·ªì Ch√≠ Minh','9.42554498E8');
Insert into HOSPITAL_MANAGE.BENHNHAN (MABN,HOTEN,NGAYSINH,ADDRESS,SDT) values (18,'Nguy·ªÖn L√™ Hi·∫øu',to_date('31-AUG-91','DD-MON-RR'),'H·ªì Ch√≠ Minh','3.88403008E8');
Insert into HOSPITAL_MANAGE.BENHNHAN (MABN,HOTEN,NGAYSINH,ADDRESS,SDT) values (19,'Ph·∫°m Xu√¢n H√≤a',to_date('10-FEB-92','DD-MON-RR'),'H·ªì Ch√≠ Minh','9.85861886E8');
Insert into HOSPITAL_MANAGE.BENHNHAN (MABN,HOTEN,NGAYSINH,ADDRESS,SDT) values (20,'Khoa Minh Ho√†ng',to_date('12-JUN-91','DD-MON-RR'),'H·ªì Ch√≠ Minh','9.04629579E8');
Insert into HOSPITAL_MANAGE.BENHNHAN (MABN,HOTEN,NGAYSINH,ADDRESS,SDT) values (21,'Nguy·ªÖn H·ªØu Hi·ªáp Ho√†ng',to_date('28-SEP-92','DD-MON-RR'),'H·ªì Ch√≠ Minh','9.83054815E8');
Insert into HOSPITAL_MANAGE.BENHNHAN (MABN,HOTEN,NGAYSINH,ADDRESS,SDT) values (22,'Nguy·ªÖn M·∫°nh H√πng',to_date('25-JUL-91','DD-MON-RR'),'H·ªì Ch√≠ Minh','9.02207799E8');
Insert into HOSPITAL_MANAGE.BENHNHAN (MABN,HOTEN,NGAYSINH,ADDRESS,SDT) values (23,'Nguy·ªÖn V≈© Gia H∆∞ng',to_date('01-JAN-92','DD-MON-RR'),'H·ªì Ch√≠ Minh','9.88464946E8');
Insert into HOSPITAL_MANAGE.BENHNHAN (MABN,HOTEN,NGAYSINH,ADDRESS,SDT) values (24,'Tr·∫ßn Tu·∫•n H∆∞ng',to_date('03-JAN-92','DD-MON-RR'),'H·ªì Ch√≠ Minh','9.834638E8');
Insert into HOSPITAL_MANAGE.BENHNHAN (MABN,HOTEN,NGAYSINH,ADDRESS,SDT) values (25,'Ph·∫°m Gia Minh',to_date('07-APR-92','DD-MON-RR'),'H·ªì Ch√≠ Minh','9.04148645E8');
Insert into HOSPITAL_MANAGE.BENHNHAN (MABN,HOTEN,NGAYSINH,ADDRESS,SDT) values (27,'ƒ?·ªó Ho√†ng M·ªπ',to_date('20-OCT-91','DD-MON-RR'),'H·ªì Ch√≠ Minh','9.66491916E8');
Insert into HOSPITAL_MANAGE.BENHNHAN (MABN,HOTEN,NGAYSINH,ADDRESS,SDT) values (28,'ƒ?·ªó Quang Ng·ª?c',to_date('12-OCT-92','DD-MON-RR'),'H·ªì Ch√≠ Minh','9.85505131E8');
Insert into HOSPITAL_MANAGE.BENHNHAN (MABN,HOTEN,NGAYSINH,ADDRESS,SDT) values (29,'ƒ?√†m Y·∫øn Nhi',to_date('13-JAN-92','DD-MON-RR'),'H·ªì Ch√≠ Minh','9.89383751E8');
Insert into HOSPITAL_MANAGE.BENHNHAN (MABN,HOTEN,NGAYSINH,ADDRESS,SDT) values (30,'ƒ?o√†n Ho√†ng S∆°n',to_date('01-NOV-91','DD-MON-RR'),'H·ªì Ch√≠ Minh','9.8351205E8');
Insert into HOSPITAL_MANAGE.BENHNHAN (MABN,HOTEN,NGAYSINH,ADDRESS,SDT) values (31,'Nguy·ªÖn C√¥ng Th√†nh',to_date('28-FEB-90','DD-MON-RR'),'H·ªì Ch√≠ Minh','9.32200679E8');
Insert into HOSPITAL_MANAGE.BENHNHAN (MABN,HOTEN,NGAYSINH,ADDRESS,SDT) values (32,'B√πi Ph∆∞∆°ng Th·∫£o',to_date('13-AUG-92','DD-MON-RR'),'H·ªì Ch√≠ Minh','9.87987352E8');
Insert into HOSPITAL_MANAGE.BENHNHAN (MABN,HOTEN,NGAYSINH,ADDRESS,SDT) values (33,'Nguy·ªÖn H∆∞∆°ng Th·∫£o',to_date('21-AUG-90','DD-MON-RR'),'H·ªì Ch√≠ Minh','9.787891148E9');
Insert into HOSPITAL_MANAGE.BENHNHAN (MABN,HOTEN,NGAYSINH,ADDRESS,SDT) values (34,'T√¥ Di·ªáu Th·∫£o',to_date('17-AUG-92','DD-MON-RR'),'H·ªì Ch√≠ Minh','9.68686291E8');
Insert into HOSPITAL_MANAGE.BENHNHAN (MABN,HOTEN,NGAYSINH,ADDRESS,SDT) values (36,'V≈© Ph∆∞∆°ng Th·∫£o',to_date('25-FEB-91','DD-MON-RR'),'H·ªì Ch√≠ Minh','9.18207369E8');
Insert into HOSPITAL_MANAGE.BENHNHAN (MABN,HOTEN,NGAYSINH,ADDRESS,SDT) values (37,'ƒ?·∫∑ng Huy·ª?n Thi',to_date('05-FEB-91','DD-MON-RR'),'H·ªì Ch√≠ Minh','9.87246616E8');
Insert into HOSPITAL_MANAGE.BENHNHAN (MABN,HOTEN,NGAYSINH,ADDRESS,SDT) values (38,'ƒ?·∫∑ng Th√†nh Trung',to_date('28-MAR-92','DD-MON-RR'),'H·ªì Ch√≠ Minh','9.82527982E8');
Insert into HOSPITAL_MANAGE.BENHNHAN (MABN,HOTEN,NGAYSINH,ADDRESS,SDT) values (39,'Tr·ªãnh Thi√™n Tr∆∞·ª?ng',to_date('17-JAN-92','DD-MON-RR'),'H·ªì Ch√≠ Minh','9.73776072E8');
Insert into HOSPITAL_MANAGE.BENHNHAN (MABN,HOTEN,NGAYSINH,ADDRESS,SDT) values (40,'L√™ Kh√°nh Vy',to_date('15-DEC-91','DD-MON-RR'),'H·ªì Ch√≠ Minh','9.17749254E8');
Insert into HOSPITAL_MANAGE.BENHNHAN (MABN,HOTEN,NGAYSINH,ADDRESS,SDT) values (41,'ƒ?·∫∑ng Qu·ªëc Vi·ªát',to_date('24-AUG-92','DD-MON-RR'),'H·ªì Ch√≠ Minh','9.04770053E8');
Insert into HOSPITAL_MANAGE.BENHNHAN (MABN,HOTEN,NGAYSINH,ADDRESS,SDT) values (42,'Ho√†ng VƒÉn B·∫£o',to_date('24-AUG-92','DD-MON-RR'),'H·ªì Ch√≠ Minh','9.74880788E8');
Insert into HOSPITAL_MANAGE.BENHNHAN (MABN,HOTEN,NGAYSINH,ADDRESS,SDT) values (43,'L∆∞u Thanh Tu·∫•n',to_date('17-OCT-91','DD-MON-RR'),'H·ªì Ch√≠ Minh','9.83888611E8');
Insert into HOSPITAL_MANAGE.BENHNHAN (MABN,HOTEN,NGAYSINH,ADDRESS,SDT) values (45,'Ho√†ng Th·ªã Thanh Mai',to_date('23-FEB-91','DD-MON-RR'),'H·ªì Ch√≠ Minh','9.86375176E8');
Insert into HOSPITAL_MANAGE.BENHNHAN (MABN,HOTEN,NGAYSINH,ADDRESS,SDT) values (46,'Nguy·ªÖn Qu·ª≥nh Hoa',to_date('21-AUG-90','DD-MON-RR'),'H·ªì Ch√≠ Minh','9.14770545E8');
Insert into HOSPITAL_MANAGE.BENHNHAN (MABN,HOTEN,NGAYSINH,ADDRESS,SDT) values (47,'Cao Th·ªã Xu√¢n Dung',to_date('12-AUG-90','DD-MON-RR'),'H·ªì Ch√≠ Minh','9.86253482E8');
Insert into HOSPITAL_MANAGE.BENHNHAN (MABN,HOTEN,NGAYSINH,ADDRESS,SDT) values (48,'ƒ?·ªó H·ªìng Vi·ªát',to_date('01-JUL-85','DD-MON-RR'),'H·ªì Ch√≠ Minh','9.44545232E8');
Insert into HOSPITAL_MANAGE.BENHNHAN (MABN,HOTEN,NGAYSINH,ADDRESS,SDT) values (49,'Ph·∫°m Th·ªã Thu H∆∞∆°ng',to_date('02-SEP-88','DD-MON-RR'),'H·ªì Ch√≠ Minh','9.12644784E8');
Insert into HOSPITAL_MANAGE.BENHNHAN (MABN,HOTEN,NGAYSINH,ADDRESS,SDT) values (50,'B√πi Th·ªã V√¢n Thi·ªán',to_date('01-AUG-88','DD-MON-RR'),'H·ªì Ch√≠ Minh','1.668890843E9');
Insert into HOSPITAL_MANAGE.BENHNHAN (MABN,HOTEN,NGAYSINH,ADDRESS,SDT) values (51,'Nguy·ªÖn Th·ªã Thu Hi·ª?n',to_date('01-MAR-92','DD-MON-RR'),'H·ªì Ch√≠ Minh','9.66219941E8');
Insert into HOSPITAL_MANAGE.BENHNHAN (MABN,HOTEN,NGAYSINH,ADDRESS,SDT) values (53,'Nguy·ªÖn Th·ªã Tr√† My',to_date('20-JUN-87','DD-MON-RR'),'H·ªì Ch√≠ Minh','1.672377922E9');
Insert into HOSPITAL_MANAGE.BENHNHAN (MABN,HOTEN,NGAYSINH,ADDRESS,SDT) values (54,'Tr·∫ßn Th·ªã Th√∫y',to_date('22-APR-91','DD-MON-RR'),'H·ªì Ch√≠ Minh','1.674269375E9');
Insert into HOSPITAL_MANAGE.BENHNHAN (MABN,HOTEN,NGAYSINH,ADDRESS,SDT) values (55,'Tr·∫ßn Tr·ª?ng D≈©ng',to_date('07-SEP-92','DD-MON-RR'),'H·ªì Ch√≠ Minh','9.62089926E8');
Insert into HOSPITAL_MANAGE.BENHNHAN (MABN,HOTEN,NGAYSINH,ADDRESS,SDT) values (56,'M·∫°c VƒÉn Vi·ªát',to_date('29-JAN-92','DD-MON-RR'),'H·ªì Ch√≠ Minh','1.695084768E9');
Insert into HOSPITAL_MANAGE.BENHNHAN (MABN,HOTEN,NGAYSINH,ADDRESS,SDT) values (57,'B√πi Th·ªã Thu H∆∞∆°ng',to_date('26-APR-92','DD-MON-RR'),'H·ªì Ch√≠ Minh','9.87214082E8');
Insert into HOSPITAL_MANAGE.BENHNHAN (MABN,HOTEN,NGAYSINH,ADDRESS,SDT) values (58,'Nguy·ªÖn VƒÉn ƒ?·∫°m',to_date('04-APR-91','DD-MON-RR'),'H·ªì Ch√≠ Minh','9.78366465E8');
Insert into HOSPITAL_MANAGE.BENHNHAN (MABN,HOTEN,NGAYSINH,ADDRESS,SDT) values (59,'L√™ Th·ªã H·ª£i',to_date('25-FEB-91','DD-MON-RR'),'H·ªì Ch√≠ Minh','9.02321957E8');
Insert into HOSPITAL_MANAGE.BENHNHAN (MABN,HOTEN,NGAYSINH,ADDRESS,SDT) values (60,'Ph·∫°m VƒÉn C∆∞·ª?ng',to_date('02-SEP-92','DD-MON-RR'),'H·ªì Ch√≠ Minh','9.12927357E8');
Insert into HOSPITAL_MANAGE.BENHNHAN (MABN,HOTEN,NGAYSINH,ADDRESS,SDT) values (61,'Khoa NƒÉng T√πng',to_date('04-FEB-92','DD-MON-RR'),'H·ªì Ch√≠ Minh','9.03263089E8');
Insert into HOSPITAL_MANAGE.BENHNHAN (MABN,HOTEN,NGAYSINH,ADDRESS,SDT) values (63,'Nguy·ªÖn H·ªØu H√≤a',to_date('08-SEP-92','DD-MON-RR'),'H·ªì Ch√≠ Minh','1.298378688E9');
Insert into HOSPITAL_MANAGE.BENHNHAN (MABN,HOTEN,NGAYSINH,ADDRESS,SDT) values (64,'Nguy·ªÖn V√¢n Long',to_date('24-OCT-92','DD-MON-RR'),'H·ªì Ch√≠ Minh','1.222416648E9');
Insert into HOSPITAL_MANAGE.BENHNHAN (MABN,HOTEN,NGAYSINH,ADDRESS,SDT) values (65,'Nguy·ªÖn Th·ªã D∆∞∆°ng',to_date('02-JUL-92','DD-MON-RR'),'H·ªì Ch√≠ Minh','9.82294299E8');
Insert into HOSPITAL_MANAGE.BENHNHAN (MABN,HOTEN,NGAYSINH,ADDRESS,SDT) values (66,'T√¥ Th·ªã Mai',to_date('14-OCT-91','DD-MON-RR'),'H·ªì Ch√≠ Minh','9.06159915E8');
Insert into HOSPITAL_MANAGE.BENHNHAN (MABN,HOTEN,NGAYSINH,ADDRESS,SDT) values (67,'Ph·∫°m Duy',to_date('01-OCT-92','DD-MON-RR'),'H·ªì Ch√≠ Minh','9.04317584E8');
Insert into HOSPITAL_MANAGE.BENHNHAN (MABN,HOTEN,NGAYSINH,ADDRESS,SDT) values (68,'B√πi Ph·∫°m V√¢n Anh',to_date('20-AUG-92','DD-MON-RR'),'H·ªì Ch√≠ Minh','9.13300978E8');
Insert into HOSPITAL_MANAGE.BENHNHAN (MABN,HOTEN,NGAYSINH,ADDRESS,SDT) values (69,'ƒ?·ªó Quang Minh',to_date('04-OCT-92','DD-MON-RR'),'H·ªì Ch√≠ Minh','9.04311222E8');
Insert into HOSPITAL_MANAGE.BENHNHAN (MABN,HOTEN,NGAYSINH,ADDRESS,SDT) values (70,'Nguy·ªÖn Th·ªã Thu H·∫±ng',to_date('26-AUG-92','DD-MON-RR'),'H·ªì Ch√≠ Minh','9.04236822E8');
Insert into HOSPITAL_MANAGE.BENHNHAN (MABN,HOTEN,NGAYSINH,ADDRESS,SDT) values (72,'Cao Th·ªã Ph∆∞∆°ng Th·∫£o',to_date('21-SEP-91','DD-MON-RR'),'H·ªì Ch√≠ Minh','9.84206126E8');
Insert into HOSPITAL_MANAGE.BENHNHAN (MABN,HOTEN,NGAYSINH,ADDRESS,SDT) values (73,'Nguy·ªÖn Th·ªã Vi·ªát Y√™n',to_date('28-NOV-92','DD-MON-RR'),'H·ªì Ch√≠ Minh','9.34651766E8');
Insert into HOSPITAL_MANAGE.BENHNHAN (MABN,HOTEN,NGAYSINH,ADDRESS,SDT) values (74,'B√πi VƒÉn Qu√¢n',to_date('13-AUG-92','DD-MON-RR'),'H·ªì Ch√≠ Minh','1.685897371E9');
Insert into HOSPITAL_MANAGE.BENHNHAN (MABN,HOTEN,NGAYSINH,ADDRESS,SDT) values (75,'Nguy·ªÖn Th·ªã H∆∞∆°ng',to_date('13-JAN-92','DD-MON-RR'),'H·ªì Ch√≠ Minh','9.04020211E8');
Insert into HOSPITAL_MANAGE.BENHNHAN (MABN,HOTEN,NGAYSINH,ADDRESS,SDT) values (76,'T√¥ S·ªπ Ng·ª?c',to_date('08-JUL-92','DD-MON-RR'),'H·ªì Ch√≠ Minh','9.1230619E7');
Insert into HOSPITAL_MANAGE.BENHNHAN (MABN,HOTEN,NGAYSINH,ADDRESS,SDT) values (77,'V≈© Duy Ph∆∞∆°ng',to_date('23-OCT-92','DD-MON-RR'),'H·ªì Ch√≠ Minh','1.695084768E9');
Insert into HOSPITAL_MANAGE.BENHNHAN (MABN,HOTEN,NGAYSINH,ADDRESS,SDT) values (78,'Ph·∫°m Th·ªã Thanh Th√πy',to_date('21-JAN-92','DD-MON-RR'),'H·ªì Ch√≠ Minh','9.87214082E8');
Insert into HOSPITAL_MANAGE.BENHNHAN (MABN,HOTEN,NGAYSINH,ADDRESS,SDT) values (79,'Nguy·ªÖn Th·ªã Mai',to_date('12-AUG-92','DD-MON-RR'),'H·ªì Ch√≠ Minh','9.78366465E8');
Insert into HOSPITAL_MANAGE.BENHNHAN (MABN,HOTEN,NGAYSINH,ADDRESS,SDT) values (80,'Tr·ªãnh ƒ?√¨nh Minh',to_date('11-AUG-92','DD-MON-RR'),'H·ªì Ch√≠ Minh','9.02321957E8');
Insert into HOSPITAL_MANAGE.BENHNHAN (MABN,HOTEN,NGAYSINH,ADDRESS,SDT) values (82,'ƒ?inh Th√∫y H·∫±ng',to_date('24-DEC-92','DD-MON-RR'),'H·ªì Ch√≠ Minh','9.03263089E8');
Insert into HOSPITAL_MANAGE.BENHNHAN (MABN,HOTEN,NGAYSINH,ADDRESS,SDT) values (83,'ƒ?inh VƒÉn D∆∞∆°ng',to_date('07-DEC-92','DD-MON-RR'),'H·ªì Ch√≠ Minh','9.03459289E8');
Insert into HOSPITAL_MANAGE.BENHNHAN (MABN,HOTEN,NGAYSINH,ADDRESS,SDT) values (84,'Tr·∫ßn ƒ?·ª©c D∆∞∆°ng',to_date('26-DEC-92','DD-MON-RR'),'H·ªì Ch√≠ Minh','1.298378688E9');
Insert into HOSPITAL_MANAGE.BENHNHAN (MABN,HOTEN,NGAYSINH,ADDRESS,SDT) values (85,'Nguy·ªÖn Qu·ªëc Huy',to_date('27-AUG-92','DD-MON-RR'),'H·ªì Ch√≠ Minh','1.222416648E9');
Insert into HOSPITAL_MANAGE.BENHNHAN (MABN,HOTEN,NGAYSINH,ADDRESS,SDT) values (86,'Ph·∫°m B·∫£o Li√™n',to_date('19-SEP-92','DD-MON-RR'),'H·ªì Ch√≠ Minh','9.82294299E8');
Insert into HOSPITAL_MANAGE.BENHNHAN (MABN,HOTEN,NGAYSINH,ADDRESS,SDT) values (87,'ƒ?inh Th√πy Linh',to_date('16-MAR-91','DD-MON-RR'),'H·ªì Ch√≠ Minh','9.06159915E8');
Insert into HOSPITAL_MANAGE.BENHNHAN (MABN,HOTEN,NGAYSINH,ADDRESS,SDT) values (88,'Nguy·ªÖn Th√πy Linh',to_date('10-JAN-92','DD-MON-RR'),'H·ªì Ch√≠ Minh','9.04317584E8');
Insert into HOSPITAL_MANAGE.BENHNHAN (MABN,HOTEN,NGAYSINH,ADDRESS,SDT) values (90,'ƒ?·ªó H√† Linh',to_date('02-JUN-92','DD-MON-RR'),'H·ªì Ch√≠ Minh','9.04311222E8');
Insert into HOSPITAL_MANAGE.BENHNHAN (MABN,HOTEN,NGAYSINH,ADDRESS,SDT) values (91,'V≈© Th√πy Linh',to_date('24-JUL-92','DD-MON-RR'),'H·ªì Ch√≠ Minh','9.04236822E8');
Insert into HOSPITAL_MANAGE.BENHNHAN (MABN,HOTEN,NGAYSINH,ADDRESS,SDT) values (92,'ƒ?·ªó Th√πy Linh',to_date('06-SEP-92','DD-MON-RR'),'H·ªì Ch√≠ Minh','9.72408407E8');
Insert into HOSPITAL_MANAGE.BENHNHAN (MABN,HOTEN,NGAYSINH,ADDRESS,SDT) values (93,'Ho√†ng Nh·∫≠t Mai',to_date('20-FEB-92','DD-MON-RR'),'H·ªì Ch√≠ Minh','9.84206126E8');
Insert into HOSPITAL_MANAGE.BENHNHAN (MABN,HOTEN,NGAYSINH,ADDRESS,SDT) values (94,'Nguy·ªÖn Tr·ª?ng Minh',to_date('03-JAN-92','DD-MON-RR'),'H·ªì Ch√≠ Minh','9.34651766E8');
Insert into HOSPITAL_MANAGE.BENHNHAN (MABN,HOTEN,NGAYSINH,ADDRESS,SDT) values (95,'Ng√¥ Gia Minh',to_date('05-APR-92','DD-MON-RR'),'H·ªì Ch√≠ Minh','1.685897371E9');
Insert into HOSPITAL_MANAGE.BENHNHAN (MABN,HOTEN,NGAYSINH,ADDRESS,SDT) values (96,'Mai Ho√†ng Minh',to_date('08-APR-92','DD-MON-RR'),'H·ªì Ch√≠ Minh','9.04020211E8');
Insert into HOSPITAL_MANAGE.BENHNHAN (MABN,HOTEN,NGAYSINH,ADDRESS,SDT) values (98,'ƒ?·ªó H·∫£i Nam',to_date('15-DEC-91','DD-MON-RR'),'H·ªì Ch√≠ Minh','1.695084768E9');
Insert into HOSPITAL_MANAGE.BENHNHAN (MABN,HOTEN,NGAYSINH,ADDRESS,SDT) values (99,'Tr·∫ßn B·∫£o Ng√¢n',to_date('26-SEP-92','DD-MON-RR'),'H·ªì Ch√≠ Minh','9.87214082E8');
Insert into HOSPITAL_MANAGE.BENHNHAN (MABN,HOTEN,NGAYSINH,ADDRESS,SDT) values (100,'Tr·∫ßn Kim Ng√¢n',to_date('05-MAY-92','DD-MON-RR'),'H·ªì Ch√≠ Minh','9.78366465E8');
Insert into HOSPITAL_MANAGE.BENHNHAN (MABN,HOTEN,NGAYSINH,ADDRESS,SDT) values (101,'ƒ?·ªó Minh Ng·ª?c',to_date('14-DEC-92','DD-MON-RR'),'H·ªì Ch√≠ Minh','9.02321957E8');
Insert into HOSPITAL_MANAGE.BENHNHAN (MABN,HOTEN,NGAYSINH,ADDRESS,SDT) values (102,'B√πi Kh√°nh Ng·ª?c',to_date('28-OCT-92','DD-MON-RR'),'H·ªì Ch√≠ Minh','9.12927357E8');
Insert into HOSPITAL_MANAGE.BENHNHAN (MABN,HOTEN,NGAYSINH,ADDRESS,SDT) values (103,'Tr·∫ßn Uy√™n Nhi',to_date('05-AUG-92','DD-MON-RR'),'H·ªì Ch√≠ Minh','9.03263089E8');
Insert into HOSPITAL_MANAGE.BENHNHAN (MABN,HOTEN,NGAYSINH,ADDRESS,SDT) values (104,'Ph·∫°m ƒ?·∫∑ng Gia Nh∆∞',to_date('30-NOV-92','DD-MON-RR'),'H·ªì Ch√≠ Minh','9.03459289E8');
Insert into HOSPITAL_MANAGE.BENHNHAN (MABN,HOTEN,NGAYSINH,ADDRESS,SDT) values (105,'L√™ T·∫•t Ho√†ng Ph√°t',to_date('05-FEB-91','DD-MON-RR'),'H·ªì Ch√≠ Minh','1.298378688E9');
Insert into HOSPITAL_MANAGE.BENHNHAN (MABN,HOTEN,NGAYSINH,ADDRESS,SDT) values (106,'ƒ?√†o Tu·∫•n Phong',to_date('15-MAR-92','DD-MON-RR'),'H·ªì Ch√≠ Minh','1.222416648E9');
Insert into HOSPITAL_MANAGE.BENHNHAN (MABN,HOTEN,NGAYSINH,ADDRESS,SDT) values (16,'Nguy·ªÖn Ph√∫ H·∫£i Phong',to_date('16-JUL-92','DD-MON-RR'),'H·ªì Ch√≠ Minh','9.84652666E8');
Insert into HOSPITAL_MANAGE.BENHNHAN (MABN,HOTEN,NGAYSINH,ADDRESS,SDT) values (26,'Tr·∫ßn Trung Phong',to_date('05-OCT-92','DD-MON-RR'),'H·ªì Ch√≠ Minh','9.75778066E8');
Insert into HOSPITAL_MANAGE.BENHNHAN (MABN,HOTEN,NGAYSINH,ADDRESS,SDT) values (35,'B√πi Th√†nh T√†i',to_date('10-JUL-89','DD-MON-RR'),'H·ªì Ch√≠ Minh','9.04313086E8');
Insert into HOSPITAL_MANAGE.BENHNHAN (MABN,HOTEN,NGAYSINH,ADDRESS,SDT) values (44,'ƒ?·∫∑ng Thanh Th·∫£o',to_date('16-DEC-91','DD-MON-RR'),'H·ªì Ch√≠ Minh','9.84603663E8');
Insert into HOSPITAL_MANAGE.BENHNHAN (MABN,HOTEN,NGAYSINH,ADDRESS,SDT) values (52,'Nguy·ªÖn Tr∆∞·ª?ng Th·ªãnh',to_date('04-AUG-91','DD-MON-RR'),'H·ªì Ch√≠ Minh','1.634229954E9');
Insert into HOSPITAL_MANAGE.BENHNHAN (MABN,HOTEN,NGAYSINH,ADDRESS,SDT) values (62,'D∆∞∆°ng Ph√∫c Th·ªãnh',to_date('01-JAN-92','DD-MON-RR'),'H·ªì Ch√≠ Minh','9.03459289E8');
Insert into HOSPITAL_MANAGE.BENHNHAN (MABN,HOTEN,NGAYSINH,ADDRESS,SDT) values (71,'Nguy·ªÖn Minh Th∆∞',to_date('19-JUL-92','DD-MON-RR'),'H·ªì Ch√≠ Minh','9.72408407E8');
Insert into HOSPITAL_MANAGE.BENHNHAN (MABN,HOTEN,NGAYSINH,ADDRESS,SDT) values (81,'B√πi Trung Minh Tr√≠',to_date('09-DEC-92','DD-MON-RR'),'H·ªì Ch√≠ Minh','9.12927357E8');
Insert into HOSPITAL_MANAGE.BENHNHAN (MABN,HOTEN,NGAYSINH,ADDRESS,SDT) values (89,'Ho√†ng Qu·ªëc Trung',to_date('03-JUL-92','DD-MON-RR'),'H·ªì Ch√≠ Minh','9.13300978E8');
Insert into HOSPITAL_MANAGE.BENHNHAN (MABN,HOTEN,NGAYSINH,ADDRESS,SDT) values (97,'V≈© H·ªØu Minh T∆∞·ª?ng',to_date('02-MAY-91','DD-MON-RR'),'H·ªì Ch√≠ Minh','9.1230619E7');
Insert into HOSPITAL_MANAGE.BENHNHAN (MABN,HOTEN,NGAYSINH,ADDRESS,SDT) values (107,'L√™ Th·ªã Ph∆∞∆°ng Vy',to_date('22-DEC-92','DD-MON-RR'),'H·ªì Ch√≠ Minh','9.82294299E8');
REM INSERTING into HOSPITAL_MANAGE.CHAMCONG
SET DEFINE OFF;
Insert into HOSPITAL_MANAGE.CHAMCONG (MANV,THANG,SONGAY) values (1,1,2);
Insert into HOSPITAL_MANAGE.CHAMCONG (MANV,THANG,SONGAY) values (2,1,21);
Insert into HOSPITAL_MANAGE.CHAMCONG (MANV,THANG,SONGAY) values (3,1,10);
Insert into HOSPITAL_MANAGE.CHAMCONG (MANV,THANG,SONGAY) values (4,1,22);
Insert into HOSPITAL_MANAGE.CHAMCONG (MANV,THANG,SONGAY) values (5,1,12);
Insert into HOSPITAL_MANAGE.CHAMCONG (MANV,THANG,SONGAY) values (6,1,5);
Insert into HOSPITAL_MANAGE.CHAMCONG (MANV,THANG,SONGAY) values (7,1,6);
Insert into HOSPITAL_MANAGE.CHAMCONG (MANV,THANG,SONGAY) values (8,1,20);
Insert into HOSPITAL_MANAGE.CHAMCONG (MANV,THANG,SONGAY) values (9,1,25);
Insert into HOSPITAL_MANAGE.CHAMCONG (MANV,THANG,SONGAY) values (10,1,28);
Insert into HOSPITAL_MANAGE.CHAMCONG (MANV,THANG,SONGAY) values (11,1,0);
Insert into HOSPITAL_MANAGE.CHAMCONG (MANV,THANG,SONGAY) values (12,1,25);
Insert into HOSPITAL_MANAGE.CHAMCONG (MANV,THANG,SONGAY) values (13,1,14);
Insert into HOSPITAL_MANAGE.CHAMCONG (MANV,THANG,SONGAY) values (14,1,2);
Insert into HOSPITAL_MANAGE.CHAMCONG (MANV,THANG,SONGAY) values (15,1,12);
Insert into HOSPITAL_MANAGE.CHAMCONG (MANV,THANG,SONGAY) values (16,1,28);
Insert into HOSPITAL_MANAGE.CHAMCONG (MANV,THANG,SONGAY) values (17,1,8);
Insert into HOSPITAL_MANAGE.CHAMCONG (MANV,THANG,SONGAY) values (18,1,13);
Insert into HOSPITAL_MANAGE.CHAMCONG (MANV,THANG,SONGAY) values (19,1,27);
Insert into HOSPITAL_MANAGE.CHAMCONG (MANV,THANG,SONGAY) values (20,1,23);
Insert into HOSPITAL_MANAGE.CHAMCONG (MANV,THANG,SONGAY) values (21,1,16);
Insert into HOSPITAL_MANAGE.CHAMCONG (MANV,THANG,SONGAY) values (22,1,21);
Insert into HOSPITAL_MANAGE.CHAMCONG (MANV,THANG,SONGAY) values (23,1,1);
Insert into HOSPITAL_MANAGE.CHAMCONG (MANV,THANG,SONGAY) values (24,1,15);
Insert into HOSPITAL_MANAGE.CHAMCONG (MANV,THANG,SONGAY) values (25,1,10);
Insert into HOSPITAL_MANAGE.CHAMCONG (MANV,THANG,SONGAY) values (26,1,12);
Insert into HOSPITAL_MANAGE.CHAMCONG (MANV,THANG,SONGAY) values (27,1,30);
Insert into HOSPITAL_MANAGE.CHAMCONG (MANV,THANG,SONGAY) values (28,1,24);
Insert into HOSPITAL_MANAGE.CHAMCONG (MANV,THANG,SONGAY) values (29,1,29);
Insert into HOSPITAL_MANAGE.CHAMCONG (MANV,THANG,SONGAY) values (30,1,17);
Insert into HOSPITAL_MANAGE.CHAMCONG (MANV,THANG,SONGAY) values (31,1,6);
Insert into HOSPITAL_MANAGE.CHAMCONG (MANV,THANG,SONGAY) values (32,1,3);
Insert into HOSPITAL_MANAGE.CHAMCONG (MANV,THANG,SONGAY) values (33,1,3);
Insert into HOSPITAL_MANAGE.CHAMCONG (MANV,THANG,SONGAY) values (34,1,28);
Insert into HOSPITAL_MANAGE.CHAMCONG (MANV,THANG,SONGAY) values (35,1,9);
Insert into HOSPITAL_MANAGE.CHAMCONG (MANV,THANG,SONGAY) values (36,1,25);
Insert into HOSPITAL_MANAGE.CHAMCONG (MANV,THANG,SONGAY) values (37,1,13);
Insert into HOSPITAL_MANAGE.CHAMCONG (MANV,THANG,SONGAY) values (38,1,20);
Insert into HOSPITAL_MANAGE.CHAMCONG (MANV,THANG,SONGAY) values (39,1,8);
Insert into HOSPITAL_MANAGE.CHAMCONG (MANV,THANG,SONGAY) values (40,1,26);
Insert into HOSPITAL_MANAGE.CHAMCONG (MANV,THANG,SONGAY) values (41,1,17);
Insert into HOSPITAL_MANAGE.CHAMCONG (MANV,THANG,SONGAY) values (42,1,6);
Insert into HOSPITAL_MANAGE.CHAMCONG (MANV,THANG,SONGAY) values (43,1,6);
Insert into HOSPITAL_MANAGE.CHAMCONG (MANV,THANG,SONGAY) values (44,1,29);
Insert into HOSPITAL_MANAGE.CHAMCONG (MANV,THANG,SONGAY) values (45,1,7);
Insert into HOSPITAL_MANAGE.CHAMCONG (MANV,THANG,SONGAY) values (46,1,15);
Insert into HOSPITAL_MANAGE.CHAMCONG (MANV,THANG,SONGAY) values (47,1,9);
Insert into HOSPITAL_MANAGE.CHAMCONG (MANV,THANG,SONGAY) values (48,1,1);
Insert into HOSPITAL_MANAGE.CHAMCONG (MANV,THANG,SONGAY) values (49,1,21);
Insert into HOSPITAL_MANAGE.CHAMCONG (MANV,THANG,SONGAY) values (50,1,0);
Insert into HOSPITAL_MANAGE.CHAMCONG (MANV,THANG,SONGAY) values (51,1,2);
Insert into HOSPITAL_MANAGE.CHAMCONG (MANV,THANG,SONGAY) values (52,1,21);
Insert into HOSPITAL_MANAGE.CHAMCONG (MANV,THANG,SONGAY) values (53,1,10);
Insert into HOSPITAL_MANAGE.CHAMCONG (MANV,THANG,SONGAY) values (54,1,10);
Insert into HOSPITAL_MANAGE.CHAMCONG (MANV,THANG,SONGAY) values (55,1,21);
Insert into HOSPITAL_MANAGE.CHAMCONG (MANV,THANG,SONGAY) values (56,1,19);
Insert into HOSPITAL_MANAGE.CHAMCONG (MANV,THANG,SONGAY) values (57,1,7);
Insert into HOSPITAL_MANAGE.CHAMCONG (MANV,THANG,SONGAY) values (58,1,27);
Insert into HOSPITAL_MANAGE.CHAMCONG (MANV,THANG,SONGAY) values (59,1,6);
Insert into HOSPITAL_MANAGE.CHAMCONG (MANV,THANG,SONGAY) values (60,1,10);
Insert into HOSPITAL_MANAGE.CHAMCONG (MANV,THANG,SONGAY) values (61,1,12);
Insert into HOSPITAL_MANAGE.CHAMCONG (MANV,THANG,SONGAY) values (62,1,20);
Insert into HOSPITAL_MANAGE.CHAMCONG (MANV,THANG,SONGAY) values (63,1,19);
Insert into HOSPITAL_MANAGE.CHAMCONG (MANV,THANG,SONGAY) values (64,1,22);
Insert into HOSPITAL_MANAGE.CHAMCONG (MANV,THANG,SONGAY) values (65,1,5);
Insert into HOSPITAL_MANAGE.CHAMCONG (MANV,THANG,SONGAY) values (66,1,5);
Insert into HOSPITAL_MANAGE.CHAMCONG (MANV,THANG,SONGAY) values (67,1,7);
Insert into HOSPITAL_MANAGE.CHAMCONG (MANV,THANG,SONGAY) values (68,1,24);
Insert into HOSPITAL_MANAGE.CHAMCONG (MANV,THANG,SONGAY) values (69,1,14);
Insert into HOSPITAL_MANAGE.CHAMCONG (MANV,THANG,SONGAY) values (70,1,22);
Insert into HOSPITAL_MANAGE.CHAMCONG (MANV,THANG,SONGAY) values (71,1,0);
Insert into HOSPITAL_MANAGE.CHAMCONG (MANV,THANG,SONGAY) values (72,1,1);
Insert into HOSPITAL_MANAGE.CHAMCONG (MANV,THANG,SONGAY) values (73,1,18);
Insert into HOSPITAL_MANAGE.CHAMCONG (MANV,THANG,SONGAY) values (74,1,4);
Insert into HOSPITAL_MANAGE.CHAMCONG (MANV,THANG,SONGAY) values (75,1,7);
Insert into HOSPITAL_MANAGE.CHAMCONG (MANV,THANG,SONGAY) values (76,1,14);
Insert into HOSPITAL_MANAGE.CHAMCONG (MANV,THANG,SONGAY) values (77,1,9);
Insert into HOSPITAL_MANAGE.CHAMCONG (MANV,THANG,SONGAY) values (78,1,23);
Insert into HOSPITAL_MANAGE.CHAMCONG (MANV,THANG,SONGAY) values (79,1,0);
Insert into HOSPITAL_MANAGE.CHAMCONG (MANV,THANG,SONGAY) values (80,1,23);
Insert into HOSPITAL_MANAGE.CHAMCONG (MANV,THANG,SONGAY) values (81,1,27);
Insert into HOSPITAL_MANAGE.CHAMCONG (MANV,THANG,SONGAY) values (82,1,5);
Insert into HOSPITAL_MANAGE.CHAMCONG (MANV,THANG,SONGAY) values (83,1,4);
Insert into HOSPITAL_MANAGE.CHAMCONG (MANV,THANG,SONGAY) values (84,1,9);
Insert into HOSPITAL_MANAGE.CHAMCONG (MANV,THANG,SONGAY) values (85,1,15);
Insert into HOSPITAL_MANAGE.CHAMCONG (MANV,THANG,SONGAY) values (86,1,11);
Insert into HOSPITAL_MANAGE.CHAMCONG (MANV,THANG,SONGAY) values (87,1,2);
Insert into HOSPITAL_MANAGE.CHAMCONG (MANV,THANG,SONGAY) values (88,1,18);
Insert into HOSPITAL_MANAGE.CHAMCONG (MANV,THANG,SONGAY) values (89,1,18);
Insert into HOSPITAL_MANAGE.CHAMCONG (MANV,THANG,SONGAY) values (90,1,20);
Insert into HOSPITAL_MANAGE.CHAMCONG (MANV,THANG,SONGAY) values (91,1,4);
Insert into HOSPITAL_MANAGE.CHAMCONG (MANV,THANG,SONGAY) values (92,1,1);
Insert into HOSPITAL_MANAGE.CHAMCONG (MANV,THANG,SONGAY) values (93,1,21);
Insert into HOSPITAL_MANAGE.CHAMCONG (MANV,THANG,SONGAY) values (94,1,12);
Insert into HOSPITAL_MANAGE.CHAMCONG (MANV,THANG,SONGAY) values (95,1,19);
Insert into HOSPITAL_MANAGE.CHAMCONG (MANV,THANG,SONGAY) values (96,1,8);
Insert into HOSPITAL_MANAGE.CHAMCONG (MANV,THANG,SONGAY) values (97,1,23);
Insert into HOSPITAL_MANAGE.CHAMCONG (MANV,THANG,SONGAY) values (98,1,30);
Insert into HOSPITAL_MANAGE.CHAMCONG (MANV,THANG,SONGAY) values (99,1,26);
Insert into HOSPITAL_MANAGE.CHAMCONG (MANV,THANG,SONGAY) values (1,2,4);
Insert into HOSPITAL_MANAGE.CHAMCONG (MANV,THANG,SONGAY) values (2,2,23);
Insert into HOSPITAL_MANAGE.CHAMCONG (MANV,THANG,SONGAY) values (3,2,17);
Insert into HOSPITAL_MANAGE.CHAMCONG (MANV,THANG,SONGAY) values (4,2,28);
Insert into HOSPITAL_MANAGE.CHAMCONG (MANV,THANG,SONGAY) values (5,2,27);
Insert into HOSPITAL_MANAGE.CHAMCONG (MANV,THANG,SONGAY) values (6,2,26);
Insert into HOSPITAL_MANAGE.CHAMCONG (MANV,THANG,SONGAY) values (7,2,1);
Insert into HOSPITAL_MANAGE.CHAMCONG (MANV,THANG,SONGAY) values (8,2,14);
Insert into HOSPITAL_MANAGE.CHAMCONG (MANV,THANG,SONGAY) values (9,2,25);
Insert into HOSPITAL_MANAGE.CHAMCONG (MANV,THANG,SONGAY) values (10,2,15);
Insert into HOSPITAL_MANAGE.CHAMCONG (MANV,THANG,SONGAY) values (11,2,9);
Insert into HOSPITAL_MANAGE.CHAMCONG (MANV,THANG,SONGAY) values (12,2,20);
Insert into HOSPITAL_MANAGE.CHAMCONG (MANV,THANG,SONGAY) values (13,2,14);
Insert into HOSPITAL_MANAGE.CHAMCONG (MANV,THANG,SONGAY) values (14,2,3);
Insert into HOSPITAL_MANAGE.CHAMCONG (MANV,THANG,SONGAY) values (15,2,25);
Insert into HOSPITAL_MANAGE.CHAMCONG (MANV,THANG,SONGAY) values (16,2,21);
Insert into HOSPITAL_MANAGE.CHAMCONG (MANV,THANG,SONGAY) values (17,2,20);
Insert into HOSPITAL_MANAGE.CHAMCONG (MANV,THANG,SONGAY) values (18,2,16);
Insert into HOSPITAL_MANAGE.CHAMCONG (MANV,THANG,SONGAY) values (19,2,27);
Insert into HOSPITAL_MANAGE.CHAMCONG (MANV,THANG,SONGAY) values (20,2,28);
Insert into HOSPITAL_MANAGE.CHAMCONG (MANV,THANG,SONGAY) values (21,2,7);
Insert into HOSPITAL_MANAGE.CHAMCONG (MANV,THANG,SONGAY) values (22,2,30);
Insert into HOSPITAL_MANAGE.CHAMCONG (MANV,THANG,SONGAY) values (23,2,8);
Insert into HOSPITAL_MANAGE.CHAMCONG (MANV,THANG,SONGAY) values (24,2,8);
Insert into HOSPITAL_MANAGE.CHAMCONG (MANV,THANG,SONGAY) values (25,2,14);
Insert into HOSPITAL_MANAGE.CHAMCONG (MANV,THANG,SONGAY) values (26,2,7);
Insert into HOSPITAL_MANAGE.CHAMCONG (MANV,THANG,SONGAY) values (27,2,12);
Insert into HOSPITAL_MANAGE.CHAMCONG (MANV,THANG,SONGAY) values (28,2,6);
Insert into HOSPITAL_MANAGE.CHAMCONG (MANV,THANG,SONGAY) values (29,2,23);
Insert into HOSPITAL_MANAGE.CHAMCONG (MANV,THANG,SONGAY) values (30,2,18);
Insert into HOSPITAL_MANAGE.CHAMCONG (MANV,THANG,SONGAY) values (31,2,6);
Insert into HOSPITAL_MANAGE.CHAMCONG (MANV,THANG,SONGAY) values (32,2,2);
Insert into HOSPITAL_MANAGE.CHAMCONG (MANV,THANG,SONGAY) values (33,2,21);
Insert into HOSPITAL_MANAGE.CHAMCONG (MANV,THANG,SONGAY) values (34,2,28);
Insert into HOSPITAL_MANAGE.CHAMCONG (MANV,THANG,SONGAY) values (35,2,22);
Insert into HOSPITAL_MANAGE.CHAMCONG (MANV,THANG,SONGAY) values (36,2,18);
Insert into HOSPITAL_MANAGE.CHAMCONG (MANV,THANG,SONGAY) values (37,2,10);
Insert into HOSPITAL_MANAGE.CHAMCONG (MANV,THANG,SONGAY) values (38,2,21);
Insert into HOSPITAL_MANAGE.CHAMCONG (MANV,THANG,SONGAY) values (39,2,11);
Insert into HOSPITAL_MANAGE.CHAMCONG (MANV,THANG,SONGAY) values (40,2,15);
Insert into HOSPITAL_MANAGE.CHAMCONG (MANV,THANG,SONGAY) values (41,2,2);
Insert into HOSPITAL_MANAGE.CHAMCONG (MANV,THANG,SONGAY) values (42,2,17);
Insert into HOSPITAL_MANAGE.CHAMCONG (MANV,THANG,SONGAY) values (43,2,0);
Insert into HOSPITAL_MANAGE.CHAMCONG (MANV,THANG,SONGAY) values (44,2,4);
Insert into HOSPITAL_MANAGE.CHAMCONG (MANV,THANG,SONGAY) values (45,2,18);
Insert into HOSPITAL_MANAGE.CHAMCONG (MANV,THANG,SONGAY) values (46,2,11);
Insert into HOSPITAL_MANAGE.CHAMCONG (MANV,THANG,SONGAY) values (47,2,14);
Insert into HOSPITAL_MANAGE.CHAMCONG (MANV,THANG,SONGAY) values (48,2,27);
Insert into HOSPITAL_MANAGE.CHAMCONG (MANV,THANG,SONGAY) values (49,2,28);
Insert into HOSPITAL_MANAGE.CHAMCONG (MANV,THANG,SONGAY) values (50,2,29);
Insert into HOSPITAL_MANAGE.CHAMCONG (MANV,THANG,SONGAY) values (51,2,17);
Insert into HOSPITAL_MANAGE.CHAMCONG (MANV,THANG,SONGAY) values (52,2,26);
Insert into HOSPITAL_MANAGE.CHAMCONG (MANV,THANG,SONGAY) values (53,2,16);
Insert into HOSPITAL_MANAGE.CHAMCONG (MANV,THANG,SONGAY) values (54,2,26);
Insert into HOSPITAL_MANAGE.CHAMCONG (MANV,THANG,SONGAY) values (55,2,28);
Insert into HOSPITAL_MANAGE.CHAMCONG (MANV,THANG,SONGAY) values (56,2,0);
Insert into HOSPITAL_MANAGE.CHAMCONG (MANV,THANG,SONGAY) values (57,2,8);
Insert into HOSPITAL_MANAGE.CHAMCONG (MANV,THANG,SONGAY) values (58,2,29);
Insert into HOSPITAL_MANAGE.CHAMCONG (MANV,THANG,SONGAY) values (59,2,4);
Insert into HOSPITAL_MANAGE.CHAMCONG (MANV,THANG,SONGAY) values (60,2,17);
Insert into HOSPITAL_MANAGE.CHAMCONG (MANV,THANG,SONGAY) values (61,2,24);
Insert into HOSPITAL_MANAGE.CHAMCONG (MANV,THANG,SONGAY) values (62,2,18);
Insert into HOSPITAL_MANAGE.CHAMCONG (MANV,THANG,SONGAY) values (63,2,1);
Insert into HOSPITAL_MANAGE.CHAMCONG (MANV,THANG,SONGAY) values (64,2,25);
Insert into HOSPITAL_MANAGE.CHAMCONG (MANV,THANG,SONGAY) values (65,2,12);
Insert into HOSPITAL_MANAGE.CHAMCONG (MANV,THANG,SONGAY) values (66,2,5);
Insert into HOSPITAL_MANAGE.CHAMCONG (MANV,THANG,SONGAY) values (67,2,2);
Insert into HOSPITAL_MANAGE.CHAMCONG (MANV,THANG,SONGAY) values (68,2,17);
Insert into HOSPITAL_MANAGE.CHAMCONG (MANV,THANG,SONGAY) values (69,2,1);
Insert into HOSPITAL_MANAGE.CHAMCONG (MANV,THANG,SONGAY) values (70,2,24);
Insert into HOSPITAL_MANAGE.CHAMCONG (MANV,THANG,SONGAY) values (71,2,12);
Insert into HOSPITAL_MANAGE.CHAMCONG (MANV,THANG,SONGAY) values (72,2,1);
Insert into HOSPITAL_MANAGE.CHAMCONG (MANV,THANG,SONGAY) values (73,2,16);
Insert into HOSPITAL_MANAGE.CHAMCONG (MANV,THANG,SONGAY) values (74,2,14);
Insert into HOSPITAL_MANAGE.CHAMCONG (MANV,THANG,SONGAY) values (75,2,21);
Insert into HOSPITAL_MANAGE.CHAMCONG (MANV,THANG,SONGAY) values (76,2,29);
Insert into HOSPITAL_MANAGE.CHAMCONG (MANV,THANG,SONGAY) values (77,2,15);
Insert into HOSPITAL_MANAGE.CHAMCONG (MANV,THANG,SONGAY) values (78,2,5);
Insert into HOSPITAL_MANAGE.CHAMCONG (MANV,THANG,SONGAY) values (79,2,14);
Insert into HOSPITAL_MANAGE.CHAMCONG (MANV,THANG,SONGAY) values (80,2,12);
Insert into HOSPITAL_MANAGE.CHAMCONG (MANV,THANG,SONGAY) values (81,2,7);
Insert into HOSPITAL_MANAGE.CHAMCONG (MANV,THANG,SONGAY) values (82,2,18);
Insert into HOSPITAL_MANAGE.CHAMCONG (MANV,THANG,SONGAY) values (83,2,27);
Insert into HOSPITAL_MANAGE.CHAMCONG (MANV,THANG,SONGAY) values (84,2,18);
Insert into HOSPITAL_MANAGE.CHAMCONG (MANV,THANG,SONGAY) values (85,2,3);
Insert into HOSPITAL_MANAGE.CHAMCONG (MANV,THANG,SONGAY) values (86,2,12);
Insert into HOSPITAL_MANAGE.CHAMCONG (MANV,THANG,SONGAY) values (87,2,15);
Insert into HOSPITAL_MANAGE.CHAMCONG (MANV,THANG,SONGAY) values (88,2,5);
Insert into HOSPITAL_MANAGE.CHAMCONG (MANV,THANG,SONGAY) values (89,2,1);
Insert into HOSPITAL_MANAGE.CHAMCONG (MANV,THANG,SONGAY) values (90,2,22);
Insert into HOSPITAL_MANAGE.CHAMCONG (MANV,THANG,SONGAY) values (91,2,24);
Insert into HOSPITAL_MANAGE.CHAMCONG (MANV,THANG,SONGAY) values (92,2,30);
Insert into HOSPITAL_MANAGE.CHAMCONG (MANV,THANG,SONGAY) values (93,2,24);
Insert into HOSPITAL_MANAGE.CHAMCONG (MANV,THANG,SONGAY) values (94,2,21);
Insert into HOSPITAL_MANAGE.CHAMCONG (MANV,THANG,SONGAY) values (95,2,23);
Insert into HOSPITAL_MANAGE.CHAMCONG (MANV,THANG,SONGAY) values (96,2,2);
Insert into HOSPITAL_MANAGE.CHAMCONG (MANV,THANG,SONGAY) values (97,2,21);
Insert into HOSPITAL_MANAGE.CHAMCONG (MANV,THANG,SONGAY) values (98,2,29);
Insert into HOSPITAL_MANAGE.CHAMCONG (MANV,THANG,SONGAY) values (99,2,8);
Insert into HOSPITAL_MANAGE.CHAMCONG (MANV,THANG,SONGAY) values (1,3,15);
Insert into HOSPITAL_MANAGE.CHAMCONG (MANV,THANG,SONGAY) values (2,3,26);
Insert into HOSPITAL_MANAGE.CHAMCONG (MANV,THANG,SONGAY) values (3,3,6);
Insert into HOSPITAL_MANAGE.CHAMCONG (MANV,THANG,SONGAY) values (4,3,11);
Insert into HOSPITAL_MANAGE.CHAMCONG (MANV,THANG,SONGAY) values (5,3,4);
Insert into HOSPITAL_MANAGE.CHAMCONG (MANV,THANG,SONGAY) values (6,3,12);
Insert into HOSPITAL_MANAGE.CHAMCONG (MANV,THANG,SONGAY) values (7,3,29);
Insert into HOSPITAL_MANAGE.CHAMCONG (MANV,THANG,SONGAY) values (8,3,3);
Insert into HOSPITAL_MANAGE.CHAMCONG (MANV,THANG,SONGAY) values (9,3,8);
Insert into HOSPITAL_MANAGE.CHAMCONG (MANV,THANG,SONGAY) values (10,3,22);
Insert into HOSPITAL_MANAGE.CHAMCONG (MANV,THANG,SONGAY) values (11,3,20);
Insert into HOSPITAL_MANAGE.CHAMCONG (MANV,THANG,SONGAY) values (12,3,24);
Insert into HOSPITAL_MANAGE.CHAMCONG (MANV,THANG,SONGAY) values (13,3,21);
Insert into HOSPITAL_MANAGE.CHAMCONG (MANV,THANG,SONGAY) values (14,3,7);
Insert into HOSPITAL_MANAGE.CHAMCONG (MANV,THANG,SONGAY) values (15,3,10);
Insert into HOSPITAL_MANAGE.CHAMCONG (MANV,THANG,SONGAY) values (16,3,15);
Insert into HOSPITAL_MANAGE.CHAMCONG (MANV,THANG,SONGAY) values (17,3,4);
Insert into HOSPITAL_MANAGE.CHAMCONG (MANV,THANG,SONGAY) values (18,3,0);
Insert into HOSPITAL_MANAGE.CHAMCONG (MANV,THANG,SONGAY) values (19,3,23);
Insert into HOSPITAL_MANAGE.CHAMCONG (MANV,THANG,SONGAY) values (20,3,20);
Insert into HOSPITAL_MANAGE.CHAMCONG (MANV,THANG,SONGAY) values (21,3,27);
Insert into HOSPITAL_MANAGE.CHAMCONG (MANV,THANG,SONGAY) values (22,3,2);
Insert into HOSPITAL_MANAGE.CHAMCONG (MANV,THANG,SONGAY) values (23,3,5);
Insert into HOSPITAL_MANAGE.CHAMCONG (MANV,THANG,SONGAY) values (24,3,5);
Insert into HOSPITAL_MANAGE.CHAMCONG (MANV,THANG,SONGAY) values (25,3,9);
Insert into HOSPITAL_MANAGE.CHAMCONG (MANV,THANG,SONGAY) values (26,3,4);
Insert into HOSPITAL_MANAGE.CHAMCONG (MANV,THANG,SONGAY) values (27,3,0);
Insert into HOSPITAL_MANAGE.CHAMCONG (MANV,THANG,SONGAY) values (28,3,7);
Insert into HOSPITAL_MANAGE.CHAMCONG (MANV,THANG,SONGAY) values (29,3,9);
Insert into HOSPITAL_MANAGE.CHAMCONG (MANV,THANG,SONGAY) values (30,3,1);
Insert into HOSPITAL_MANAGE.CHAMCONG (MANV,THANG,SONGAY) values (31,3,13);
Insert into HOSPITAL_MANAGE.CHAMCONG (MANV,THANG,SONGAY) values (32,3,3);
Insert into HOSPITAL_MANAGE.CHAMCONG (MANV,THANG,SONGAY) values (33,3,15);
Insert into HOSPITAL_MANAGE.CHAMCONG (MANV,THANG,SONGAY) values (34,3,19);
Insert into HOSPITAL_MANAGE.CHAMCONG (MANV,THANG,SONGAY) values (35,3,16);
Insert into HOSPITAL_MANAGE.CHAMCONG (MANV,THANG,SONGAY) values (36,3,23);
Insert into HOSPITAL_MANAGE.CHAMCONG (MANV,THANG,SONGAY) values (37,3,14);
Insert into HOSPITAL_MANAGE.CHAMCONG (MANV,THANG,SONGAY) values (38,3,3);
Insert into HOSPITAL_MANAGE.CHAMCONG (MANV,THANG,SONGAY) values (39,3,12);
Insert into HOSPITAL_MANAGE.CHAMCONG (MANV,THANG,SONGAY) values (40,3,28);
Insert into HOSPITAL_MANAGE.CHAMCONG (MANV,THANG,SONGAY) values (41,3,20);
Insert into HOSPITAL_MANAGE.CHAMCONG (MANV,THANG,SONGAY) values (42,3,2);
Insert into HOSPITAL_MANAGE.CHAMCONG (MANV,THANG,SONGAY) values (43,3,27);
Insert into HOSPITAL_MANAGE.CHAMCONG (MANV,THANG,SONGAY) values (44,3,27);
Insert into HOSPITAL_MANAGE.CHAMCONG (MANV,THANG,SONGAY) values (45,3,11);
Insert into HOSPITAL_MANAGE.CHAMCONG (MANV,THANG,SONGAY) values (46,3,18);
Insert into HOSPITAL_MANAGE.CHAMCONG (MANV,THANG,SONGAY) values (47,3,24);
Insert into HOSPITAL_MANAGE.CHAMCONG (MANV,THANG,SONGAY) values (48,3,26);
Insert into HOSPITAL_MANAGE.CHAMCONG (MANV,THANG,SONGAY) values (49,3,5);
Insert into HOSPITAL_MANAGE.CHAMCONG (MANV,THANG,SONGAY) values (50,3,14);
Insert into HOSPITAL_MANAGE.CHAMCONG (MANV,THANG,SONGAY) values (51,3,12);
Insert into HOSPITAL_MANAGE.CHAMCONG (MANV,THANG,SONGAY) values (52,3,12);
Insert into HOSPITAL_MANAGE.CHAMCONG (MANV,THANG,SONGAY) values (53,3,10);
Insert into HOSPITAL_MANAGE.CHAMCONG (MANV,THANG,SONGAY) values (54,3,20);
Insert into HOSPITAL_MANAGE.CHAMCONG (MANV,THANG,SONGAY) values (55,3,11);
Insert into HOSPITAL_MANAGE.CHAMCONG (MANV,THANG,SONGAY) values (56,3,28);
Insert into HOSPITAL_MANAGE.CHAMCONG (MANV,THANG,SONGAY) values (57,3,12);
Insert into HOSPITAL_MANAGE.CHAMCONG (MANV,THANG,SONGAY) values (58,3,20);
Insert into HOSPITAL_MANAGE.CHAMCONG (MANV,THANG,SONGAY) values (59,3,15);
Insert into HOSPITAL_MANAGE.CHAMCONG (MANV,THANG,SONGAY) values (60,3,3);
Insert into HOSPITAL_MANAGE.CHAMCONG (MANV,THANG,SONGAY) values (61,3,1);
Insert into HOSPITAL_MANAGE.CHAMCONG (MANV,THANG,SONGAY) values (62,3,19);
Insert into HOSPITAL_MANAGE.CHAMCONG (MANV,THANG,SONGAY) values (63,3,22);
Insert into HOSPITAL_MANAGE.CHAMCONG (MANV,THANG,SONGAY) values (64,3,14);
Insert into HOSPITAL_MANAGE.CHAMCONG (MANV,THANG,SONGAY) values (65,3,27);
Insert into HOSPITAL_MANAGE.CHAMCONG (MANV,THANG,SONGAY) values (66,3,8);
Insert into HOSPITAL_MANAGE.CHAMCONG (MANV,THANG,SONGAY) values (67,3,16);
Insert into HOSPITAL_MANAGE.CHAMCONG (MANV,THANG,SONGAY) values (68,3,26);
Insert into HOSPITAL_MANAGE.CHAMCONG (MANV,THANG,SONGAY) values (69,3,6);
Insert into HOSPITAL_MANAGE.CHAMCONG (MANV,THANG,SONGAY) values (70,3,14);
Insert into HOSPITAL_MANAGE.CHAMCONG (MANV,THANG,SONGAY) values (71,3,24);
Insert into HOSPITAL_MANAGE.CHAMCONG (MANV,THANG,SONGAY) values (72,3,1);
Insert into HOSPITAL_MANAGE.CHAMCONG (MANV,THANG,SONGAY) values (73,3,17);
Insert into HOSPITAL_MANAGE.CHAMCONG (MANV,THANG,SONGAY) values (74,3,18);
Insert into HOSPITAL_MANAGE.CHAMCONG (MANV,THANG,SONGAY) values (75,3,15);
Insert into HOSPITAL_MANAGE.CHAMCONG (MANV,THANG,SONGAY) values (76,3,19);
Insert into HOSPITAL_MANAGE.CHAMCONG (MANV,THANG,SONGAY) values (77,3,2);
Insert into HOSPITAL_MANAGE.CHAMCONG (MANV,THANG,SONGAY) values (78,3,2);
Insert into HOSPITAL_MANAGE.CHAMCONG (MANV,THANG,SONGAY) values (79,3,16);
Insert into HOSPITAL_MANAGE.CHAMCONG (MANV,THANG,SONGAY) values (80,3,5);
Insert into HOSPITAL_MANAGE.CHAMCONG (MANV,THANG,SONGAY) values (81,3,30);
Insert into HOSPITAL_MANAGE.CHAMCONG (MANV,THANG,SONGAY) values (82,3,2);
Insert into HOSPITAL_MANAGE.CHAMCONG (MANV,THANG,SONGAY) values (83,3,24);
Insert into HOSPITAL_MANAGE.CHAMCONG (MANV,THANG,SONGAY) values (84,3,16);
Insert into HOSPITAL_MANAGE.CHAMCONG (MANV,THANG,SONGAY) values (85,3,16);
Insert into HOSPITAL_MANAGE.CHAMCONG (MANV,THANG,SONGAY) values (86,3,16);
Insert into HOSPITAL_MANAGE.CHAMCONG (MANV,THANG,SONGAY) values (87,3,8);
Insert into HOSPITAL_MANAGE.CHAMCONG (MANV,THANG,SONGAY) values (88,3,28);
Insert into HOSPITAL_MANAGE.CHAMCONG (MANV,THANG,SONGAY) values (89,3,1);
Insert into HOSPITAL_MANAGE.CHAMCONG (MANV,THANG,SONGAY) values (90,3,11);
Insert into HOSPITAL_MANAGE.CHAMCONG (MANV,THANG,SONGAY) values (91,3,13);
Insert into HOSPITAL_MANAGE.CHAMCONG (MANV,THANG,SONGAY) values (92,3,1);
Insert into HOSPITAL_MANAGE.CHAMCONG (MANV,THANG,SONGAY) values (93,3,23);
Insert into HOSPITAL_MANAGE.CHAMCONG (MANV,THANG,SONGAY) values (94,3,15);
Insert into HOSPITAL_MANAGE.CHAMCONG (MANV,THANG,SONGAY) values (95,3,0);
Insert into HOSPITAL_MANAGE.CHAMCONG (MANV,THANG,SONGAY) values (96,3,4);
Insert into HOSPITAL_MANAGE.CHAMCONG (MANV,THANG,SONGAY) values (97,3,27);
Insert into HOSPITAL_MANAGE.CHAMCONG (MANV,THANG,SONGAY) values (98,3,1);
Insert into HOSPITAL_MANAGE.CHAMCONG (MANV,THANG,SONGAY) values (99,3,24);
Insert into HOSPITAL_MANAGE.CHAMCONG (MANV,THANG,SONGAY) values (1,4,20);
Insert into HOSPITAL_MANAGE.CHAMCONG (MANV,THANG,SONGAY) values (2,4,20);
Insert into HOSPITAL_MANAGE.CHAMCONG (MANV,THANG,SONGAY) values (3,4,10);
Insert into HOSPITAL_MANAGE.CHAMCONG (MANV,THANG,SONGAY) values (4,4,1);
Insert into HOSPITAL_MANAGE.CHAMCONG (MANV,THANG,SONGAY) values (5,4,11);
Insert into HOSPITAL_MANAGE.CHAMCONG (MANV,THANG,SONGAY) values (6,4,10);
Insert into HOSPITAL_MANAGE.CHAMCONG (MANV,THANG,SONGAY) values (7,4,0);
Insert into HOSPITAL_MANAGE.CHAMCONG (MANV,THANG,SONGAY) values (8,4,15);
Insert into HOSPITAL_MANAGE.CHAMCONG (MANV,THANG,SONGAY) values (9,4,30);
Insert into HOSPITAL_MANAGE.CHAMCONG (MANV,THANG,SONGAY) values (10,4,10);
Insert into HOSPITAL_MANAGE.CHAMCONG (MANV,THANG,SONGAY) values (11,4,16);
Insert into HOSPITAL_MANAGE.CHAMCONG (MANV,THANG,SONGAY) values (12,4,15);
Insert into HOSPITAL_MANAGE.CHAMCONG (MANV,THANG,SONGAY) values (13,4,16);
Insert into HOSPITAL_MANAGE.CHAMCONG (MANV,THANG,SONGAY) values (14,4,11);
Insert into HOSPITAL_MANAGE.CHAMCONG (MANV,THANG,SONGAY) values (15,4,11);
Insert into HOSPITAL_MANAGE.CHAMCONG (MANV,THANG,SONGAY) values (16,4,7);
Insert into HOSPITAL_MANAGE.CHAMCONG (MANV,THANG,SONGAY) values (17,4,26);
Insert into HOSPITAL_MANAGE.CHAMCONG (MANV,THANG,SONGAY) values (18,4,9);
Insert into HOSPITAL_MANAGE.CHAMCONG (MANV,THANG,SONGAY) values (19,4,18);
Insert into HOSPITAL_MANAGE.CHAMCONG (MANV,THANG,SONGAY) values (20,4,30);
Insert into HOSPITAL_MANAGE.CHAMCONG (MANV,THANG,SONGAY) values (21,4,5);
Insert into HOSPITAL_MANAGE.CHAMCONG (MANV,THANG,SONGAY) values (22,4,28);
Insert into HOSPITAL_MANAGE.CHAMCONG (MANV,THANG,SONGAY) values (23,4,13);
Insert into HOSPITAL_MANAGE.CHAMCONG (MANV,THANG,SONGAY) values (24,4,17);
Insert into HOSPITAL_MANAGE.CHAMCONG (MANV,THANG,SONGAY) values (25,4,1);
Insert into HOSPITAL_MANAGE.CHAMCONG (MANV,THANG,SONGAY) values (26,4,25);
Insert into HOSPITAL_MANAGE.CHAMCONG (MANV,THANG,SONGAY) values (27,4,21);
Insert into HOSPITAL_MANAGE.CHAMCONG (MANV,THANG,SONGAY) values (28,4,3);
Insert into HOSPITAL_MANAGE.CHAMCONG (MANV,THANG,SONGAY) values (29,4,10);
Insert into HOSPITAL_MANAGE.CHAMCONG (MANV,THANG,SONGAY) values (30,4,28);
Insert into HOSPITAL_MANAGE.CHAMCONG (MANV,THANG,SONGAY) values (31,4,1);
Insert into HOSPITAL_MANAGE.CHAMCONG (MANV,THANG,SONGAY) values (32,4,27);
Insert into HOSPITAL_MANAGE.CHAMCONG (MANV,THANG,SONGAY) values (33,4,22);
Insert into HOSPITAL_MANAGE.CHAMCONG (MANV,THANG,SONGAY) values (34,4,23);
Insert into HOSPITAL_MANAGE.CHAMCONG (MANV,THANG,SONGAY) values (35,4,11);
Insert into HOSPITAL_MANAGE.CHAMCONG (MANV,THANG,SONGAY) values (36,4,18);
Insert into HOSPITAL_MANAGE.CHAMCONG (MANV,THANG,SONGAY) values (37,4,15);
Insert into HOSPITAL_MANAGE.CHAMCONG (MANV,THANG,SONGAY) values (38,4,11);
Insert into HOSPITAL_MANAGE.CHAMCONG (MANV,THANG,SONGAY) values (39,4,7);
Insert into HOSPITAL_MANAGE.CHAMCONG (MANV,THANG,SONGAY) values (40,4,11);
Insert into HOSPITAL_MANAGE.CHAMCONG (MANV,THANG,SONGAY) values (41,4,9);
Insert into HOSPITAL_MANAGE.CHAMCONG (MANV,THANG,SONGAY) values (42,4,26);
Insert into HOSPITAL_MANAGE.CHAMCONG (MANV,THANG,SONGAY) values (43,4,9);
Insert into HOSPITAL_MANAGE.CHAMCONG (MANV,THANG,SONGAY) values (44,4,15);
Insert into HOSPITAL_MANAGE.CHAMCONG (MANV,THANG,SONGAY) values (45,4,8);
Insert into HOSPITAL_MANAGE.CHAMCONG (MANV,THANG,SONGAY) values (46,4,28);
Insert into HOSPITAL_MANAGE.CHAMCONG (MANV,THANG,SONGAY) values (47,4,10);
Insert into HOSPITAL_MANAGE.CHAMCONG (MANV,THANG,SONGAY) values (48,4,2);
Insert into HOSPITAL_MANAGE.CHAMCONG (MANV,THANG,SONGAY) values (49,4,4);
Insert into HOSPITAL_MANAGE.CHAMCONG (MANV,THANG,SONGAY) values (50,4,18);
Insert into HOSPITAL_MANAGE.CHAMCONG (MANV,THANG,SONGAY) values (51,4,24);
Insert into HOSPITAL_MANAGE.CHAMCONG (MANV,THANG,SONGAY) values (52,4,13);
Insert into HOSPITAL_MANAGE.CHAMCONG (MANV,THANG,SONGAY) values (53,4,20);
Insert into HOSPITAL_MANAGE.CHAMCONG (MANV,THANG,SONGAY) values (54,4,1);
Insert into HOSPITAL_MANAGE.CHAMCONG (MANV,THANG,SONGAY) values (55,4,13);
Insert into HOSPITAL_MANAGE.CHAMCONG (MANV,THANG,SONGAY) values (56,4,5);
Insert into HOSPITAL_MANAGE.CHAMCONG (MANV,THANG,SONGAY) values (57,4,14);
Insert into HOSPITAL_MANAGE.CHAMCONG (MANV,THANG,SONGAY) values (58,4,4);
Insert into HOSPITAL_MANAGE.CHAMCONG (MANV,THANG,SONGAY) values (59,4,24);
Insert into HOSPITAL_MANAGE.CHAMCONG (MANV,THANG,SONGAY) values (60,4,2);
Insert into HOSPITAL_MANAGE.CHAMCONG (MANV,THANG,SONGAY) values (61,4,1);
Insert into HOSPITAL_MANAGE.CHAMCONG (MANV,THANG,SONGAY) values (62,4,27);
Insert into HOSPITAL_MANAGE.CHAMCONG (MANV,THANG,SONGAY) values (63,4,4);
Insert into HOSPITAL_MANAGE.CHAMCONG (MANV,THANG,SONGAY) values (64,4,18);
Insert into HOSPITAL_MANAGE.CHAMCONG (MANV,THANG,SONGAY) values (65,4,21);
Insert into HOSPITAL_MANAGE.CHAMCONG (MANV,THANG,SONGAY) values (66,4,4);
Insert into HOSPITAL_MANAGE.CHAMCONG (MANV,THANG,SONGAY) values (67,4,5);
Insert into HOSPITAL_MANAGE.CHAMCONG (MANV,THANG,SONGAY) values (68,4,6);
Insert into HOSPITAL_MANAGE.CHAMCONG (MANV,THANG,SONGAY) values (69,4,24);
Insert into HOSPITAL_MANAGE.CHAMCONG (MANV,THANG,SONGAY) values (70,4,20);
Insert into HOSPITAL_MANAGE.CHAMCONG (MANV,THANG,SONGAY) values (71,4,14);
Insert into HOSPITAL_MANAGE.CHAMCONG (MANV,THANG,SONGAY) values (72,4,11);
Insert into HOSPITAL_MANAGE.CHAMCONG (MANV,THANG,SONGAY) values (73,4,17);
Insert into HOSPITAL_MANAGE.CHAMCONG (MANV,THANG,SONGAY) values (74,4,30);
Insert into HOSPITAL_MANAGE.CHAMCONG (MANV,THANG,SONGAY) values (75,4,29);
Insert into HOSPITAL_MANAGE.CHAMCONG (MANV,THANG,SONGAY) values (76,4,6);
Insert into HOSPITAL_MANAGE.CHAMCONG (MANV,THANG,SONGAY) values (77,4,23);
Insert into HOSPITAL_MANAGE.CHAMCONG (MANV,THANG,SONGAY) values (78,4,17);
Insert into HOSPITAL_MANAGE.CHAMCONG (MANV,THANG,SONGAY) values (79,4,12);
Insert into HOSPITAL_MANAGE.CHAMCONG (MANV,THANG,SONGAY) values (80,4,4);
Insert into HOSPITAL_MANAGE.CHAMCONG (MANV,THANG,SONGAY) values (81,4,23);
Insert into HOSPITAL_MANAGE.CHAMCONG (MANV,THANG,SONGAY) values (82,4,2);
Insert into HOSPITAL_MANAGE.CHAMCONG (MANV,THANG,SONGAY) values (83,4,14);
Insert into HOSPITAL_MANAGE.CHAMCONG (MANV,THANG,SONGAY) values (84,4,14);
Insert into HOSPITAL_MANAGE.CHAMCONG (MANV,THANG,SONGAY) values (85,4,16);
Insert into HOSPITAL_MANAGE.CHAMCONG (MANV,THANG,SONGAY) values (86,4,8);
Insert into HOSPITAL_MANAGE.CHAMCONG (MANV,THANG,SONGAY) values (87,4,28);
Insert into HOSPITAL_MANAGE.CHAMCONG (MANV,THANG,SONGAY) values (88,4,21);
Insert into HOSPITAL_MANAGE.CHAMCONG (MANV,THANG,SONGAY) values (89,4,23);
Insert into HOSPITAL_MANAGE.CHAMCONG (MANV,THANG,SONGAY) values (90,4,14);
Insert into HOSPITAL_MANAGE.CHAMCONG (MANV,THANG,SONGAY) values (91,4,22);
Insert into HOSPITAL_MANAGE.CHAMCONG (MANV,THANG,SONGAY) values (92,4,11);
Insert into HOSPITAL_MANAGE.CHAMCONG (MANV,THANG,SONGAY) values (93,4,28);
Insert into HOSPITAL_MANAGE.CHAMCONG (MANV,THANG,SONGAY) values (94,4,28);
Insert into HOSPITAL_MANAGE.CHAMCONG (MANV,THANG,SONGAY) values (95,4,29);
Insert into HOSPITAL_MANAGE.CHAMCONG (MANV,THANG,SONGAY) values (96,4,10);
Insert into HOSPITAL_MANAGE.CHAMCONG (MANV,THANG,SONGAY) values (97,4,24);
Insert into HOSPITAL_MANAGE.CHAMCONG (MANV,THANG,SONGAY) values (98,4,3);
Insert into HOSPITAL_MANAGE.CHAMCONG (MANV,THANG,SONGAY) values (99,4,17);
REM INSERTING into HOSPITAL_MANAGE.CHITIETDONTHUOC
SET DEFINE OFF;
Insert into HOSPITAL_MANAGE.CHITIETDONTHUOC (MAKB,MATHUOC,SL,LIEUDUNG,DESCRIP) values (1,'29',10,'1','Dung truoc khi an');
Insert into HOSPITAL_MANAGE.CHITIETDONTHUOC (MAKB,MATHUOC,SL,LIEUDUNG,DESCRIP) values (2,'64',1,'2','Dung sau khi an 15 phut');
Insert into HOSPITAL_MANAGE.CHITIETDONTHUOC (MAKB,MATHUOC,SL,LIEUDUNG,DESCRIP) values (3,'18',2,'3','Dung sau khi ngu day');
Insert into HOSPITAL_MANAGE.CHITIETDONTHUOC (MAKB,MATHUOC,SL,LIEUDUNG,DESCRIP) values (4,'32',1,'1','Dung truoc khi ngue');
Insert into HOSPITAL_MANAGE.CHITIETDONTHUOC (MAKB,MATHUOC,SL,LIEUDUNG,DESCRIP) values (5,'28',10,'2','Ngung dung khi co dau hieu man cam');
Insert into HOSPITAL_MANAGE.CHITIETDONTHUOC (MAKB,MATHUOC,SL,LIEUDUNG,DESCRIP) values (6,'86',2,'3','Dung truoc khi an');
Insert into HOSPITAL_MANAGE.CHITIETDONTHUOC (MAKB,MATHUOC,SL,LIEUDUNG,DESCRIP) values (7,'58',5,'3','Dung sau khi an 15 phut');
Insert into HOSPITAL_MANAGE.CHITIETDONTHUOC (MAKB,MATHUOC,SL,LIEUDUNG,DESCRIP) values (8,'19',9,'2','Dung sau khi ngu day');
Insert into HOSPITAL_MANAGE.CHITIETDONTHUOC (MAKB,MATHUOC,SL,LIEUDUNG,DESCRIP) values (9,'99',8,'1','Dung truoc khi ngue');
Insert into HOSPITAL_MANAGE.CHITIETDONTHUOC (MAKB,MATHUOC,SL,LIEUDUNG,DESCRIP) values (10,'41',5,'1','Ngung dung khi co dau hieu man cam');
Insert into HOSPITAL_MANAGE.CHITIETDONTHUOC (MAKB,MATHUOC,SL,LIEUDUNG,DESCRIP) values (11,'30',1,'2','Dung truoc khi an');
Insert into HOSPITAL_MANAGE.CHITIETDONTHUOC (MAKB,MATHUOC,SL,LIEUDUNG,DESCRIP) values (12,'70',8,'3','Dung sau khi an 15 phut');
Insert into HOSPITAL_MANAGE.CHITIETDONTHUOC (MAKB,MATHUOC,SL,LIEUDUNG,DESCRIP) values (13,'39',9,'1','Dung sau khi ngu day');
Insert into HOSPITAL_MANAGE.CHITIETDONTHUOC (MAKB,MATHUOC,SL,LIEUDUNG,DESCRIP) values (14,'60',4,'2','Dung truoc khi ngue');
Insert into HOSPITAL_MANAGE.CHITIETDONTHUOC (MAKB,MATHUOC,SL,LIEUDUNG,DESCRIP) values (15,'82',3,'3','Ngung dung khi co dau hieu man cam');
Insert into HOSPITAL_MANAGE.CHITIETDONTHUOC (MAKB,MATHUOC,SL,LIEUDUNG,DESCRIP) values (16,'36',1,'1','Dung truoc khi an');
Insert into HOSPITAL_MANAGE.CHITIETDONTHUOC (MAKB,MATHUOC,SL,LIEUDUNG,DESCRIP) values (17,'95',5,'2','Dung sau khi an 15 phut');
Insert into HOSPITAL_MANAGE.CHITIETDONTHUOC (MAKB,MATHUOC,SL,LIEUDUNG,DESCRIP) values (18,'91',9,'3','Dung sau khi ngu day');
Insert into HOSPITAL_MANAGE.CHITIETDONTHUOC (MAKB,MATHUOC,SL,LIEUDUNG,DESCRIP) values (19,'5',3,'3','Dung truoc khi ngue');
Insert into HOSPITAL_MANAGE.CHITIETDONTHUOC (MAKB,MATHUOC,SL,LIEUDUNG,DESCRIP) values (20,'78',9,'2','Ngung dung khi co dau hieu man cam');
Insert into HOSPITAL_MANAGE.CHITIETDONTHUOC (MAKB,MATHUOC,SL,LIEUDUNG,DESCRIP) values (21,'27',10,'1','Dung truoc khi an');
Insert into HOSPITAL_MANAGE.CHITIETDONTHUOC (MAKB,MATHUOC,SL,LIEUDUNG,DESCRIP) values (22,'33',8,'1','Dung sau khi an 15 phut');
Insert into HOSPITAL_MANAGE.CHITIETDONTHUOC (MAKB,MATHUOC,SL,LIEUDUNG,DESCRIP) values (23,'5',8,'2','Dung sau khi ngu day');
Insert into HOSPITAL_MANAGE.CHITIETDONTHUOC (MAKB,MATHUOC,SL,LIEUDUNG,DESCRIP) values (24,'21',10,'3','Dung truoc khi ngue');
Insert into HOSPITAL_MANAGE.CHITIETDONTHUOC (MAKB,MATHUOC,SL,LIEUDUNG,DESCRIP) values (25,'55',4,'1','Ngung dung khi co dau hieu man cam');
Insert into HOSPITAL_MANAGE.CHITIETDONTHUOC (MAKB,MATHUOC,SL,LIEUDUNG,DESCRIP) values (26,'41',6,'2','Dung truoc khi an');
Insert into HOSPITAL_MANAGE.CHITIETDONTHUOC (MAKB,MATHUOC,SL,LIEUDUNG,DESCRIP) values (27,'38',9,'3','Dung sau khi an 15 phut');
Insert into HOSPITAL_MANAGE.CHITIETDONTHUOC (MAKB,MATHUOC,SL,LIEUDUNG,DESCRIP) values (28,'61',8,'1','Dung sau khi ngu day');
Insert into HOSPITAL_MANAGE.CHITIETDONTHUOC (MAKB,MATHUOC,SL,LIEUDUNG,DESCRIP) values (29,'77',4,'2','Dung truoc khi ngue');
Insert into HOSPITAL_MANAGE.CHITIETDONTHUOC (MAKB,MATHUOC,SL,LIEUDUNG,DESCRIP) values (30,'19',3,'3','Ngung dung khi co dau hieu man cam');
Insert into HOSPITAL_MANAGE.CHITIETDONTHUOC (MAKB,MATHUOC,SL,LIEUDUNG,DESCRIP) values (31,'17',8,'3','Dung truoc khi an');
Insert into HOSPITAL_MANAGE.CHITIETDONTHUOC (MAKB,MATHUOC,SL,LIEUDUNG,DESCRIP) values (32,'57',8,'2','Dung sau khi an 15 phut');
Insert into HOSPITAL_MANAGE.CHITIETDONTHUOC (MAKB,MATHUOC,SL,LIEUDUNG,DESCRIP) values (33,'30',4,'1','Dung sau khi ngu day');
Insert into HOSPITAL_MANAGE.CHITIETDONTHUOC (MAKB,MATHUOC,SL,LIEUDUNG,DESCRIP) values (34,'41',7,'1','Dung truoc khi ngue');
Insert into HOSPITAL_MANAGE.CHITIETDONTHUOC (MAKB,MATHUOC,SL,LIEUDUNG,DESCRIP) values (35,'49',7,'2','Ngung dung khi co dau hieu man cam');
Insert into HOSPITAL_MANAGE.CHITIETDONTHUOC (MAKB,MATHUOC,SL,LIEUDUNG,DESCRIP) values (36,'51',8,'3','Dung truoc khi an');
Insert into HOSPITAL_MANAGE.CHITIETDONTHUOC (MAKB,MATHUOC,SL,LIEUDUNG,DESCRIP) values (37,'23',10,'1','Dung sau khi an 15 phut');
Insert into HOSPITAL_MANAGE.CHITIETDONTHUOC (MAKB,MATHUOC,SL,LIEUDUNG,DESCRIP) values (38,'82',6,'2','Dung sau khi ngu day');
Insert into HOSPITAL_MANAGE.CHITIETDONTHUOC (MAKB,MATHUOC,SL,LIEUDUNG,DESCRIP) values (39,'74',6,'3','Dung truoc khi ngue');
Insert into HOSPITAL_MANAGE.CHITIETDONTHUOC (MAKB,MATHUOC,SL,LIEUDUNG,DESCRIP) values (40,'21',9,'1','Ngung dung khi co dau hieu man cam');
Insert into HOSPITAL_MANAGE.CHITIETDONTHUOC (MAKB,MATHUOC,SL,LIEUDUNG,DESCRIP) values (41,'55',7,'2','Dung truoc khi an');
Insert into HOSPITAL_MANAGE.CHITIETDONTHUOC (MAKB,MATHUOC,SL,LIEUDUNG,DESCRIP) values (42,'31',4,'3','Dung sau khi an 15 phut');
Insert into HOSPITAL_MANAGE.CHITIETDONTHUOC (MAKB,MATHUOC,SL,LIEUDUNG,DESCRIP) values (43,'6',3,'3','Dung sau khi ngu day');
Insert into HOSPITAL_MANAGE.CHITIETDONTHUOC (MAKB,MATHUOC,SL,LIEUDUNG,DESCRIP) values (44,'54',10,'2','Dung truoc khi ngue');
Insert into HOSPITAL_MANAGE.CHITIETDONTHUOC (MAKB,MATHUOC,SL,LIEUDUNG,DESCRIP) values (45,'16',10,'1','Ngung dung khi co dau hieu man cam');
Insert into HOSPITAL_MANAGE.CHITIETDONTHUOC (MAKB,MATHUOC,SL,LIEUDUNG,DESCRIP) values (46,'30',4,'1','Dung truoc khi an');
Insert into HOSPITAL_MANAGE.CHITIETDONTHUOC (MAKB,MATHUOC,SL,LIEUDUNG,DESCRIP) values (47,'12',3,'2','Dung sau khi an 15 phut');
Insert into HOSPITAL_MANAGE.CHITIETDONTHUOC (MAKB,MATHUOC,SL,LIEUDUNG,DESCRIP) values (48,'72',9,'3','Dung sau khi ngu day');
Insert into HOSPITAL_MANAGE.CHITIETDONTHUOC (MAKB,MATHUOC,SL,LIEUDUNG,DESCRIP) values (49,'21',9,'3','Dung truoc khi ngue');
Insert into HOSPITAL_MANAGE.CHITIETDONTHUOC (MAKB,MATHUOC,SL,LIEUDUNG,DESCRIP) values (50,'64',7,'1','Ngung dung khi co dau hieu man cam');
Insert into HOSPITAL_MANAGE.CHITIETDONTHUOC (MAKB,MATHUOC,SL,LIEUDUNG,DESCRIP) values (51,'58',5,'2','Dung truoc khi an');
Insert into HOSPITAL_MANAGE.CHITIETDONTHUOC (MAKB,MATHUOC,SL,LIEUDUNG,DESCRIP) values (52,'83',4,'3','Dung sau khi an 15 phut');
Insert into HOSPITAL_MANAGE.CHITIETDONTHUOC (MAKB,MATHUOC,SL,LIEUDUNG,DESCRIP) values (53,'25',10,'3','Dung sau khi ngu day');
Insert into HOSPITAL_MANAGE.CHITIETDONTHUOC (MAKB,MATHUOC,SL,LIEUDUNG,DESCRIP) values (54,'84',5,'2','Dung truoc khi ngue');
Insert into HOSPITAL_MANAGE.CHITIETDONTHUOC (MAKB,MATHUOC,SL,LIEUDUNG,DESCRIP) values (55,'22',6,'1','Ngung dung khi co dau hieu man cam');
Insert into HOSPITAL_MANAGE.CHITIETDONTHUOC (MAKB,MATHUOC,SL,LIEUDUNG,DESCRIP) values (56,'24',4,'1','Dung truoc khi an');
Insert into HOSPITAL_MANAGE.CHITIETDONTHUOC (MAKB,MATHUOC,SL,LIEUDUNG,DESCRIP) values (57,'21',1,'2','Dung sau khi an 15 phut');
Insert into HOSPITAL_MANAGE.CHITIETDONTHUOC (MAKB,MATHUOC,SL,LIEUDUNG,DESCRIP) values (58,'50',3,'3','Dung sau khi ngu day');
Insert into HOSPITAL_MANAGE.CHITIETDONTHUOC (MAKB,MATHUOC,SL,LIEUDUNG,DESCRIP) values (59,'53',6,'1','Dung truoc khi ngue');
Insert into HOSPITAL_MANAGE.CHITIETDONTHUOC (MAKB,MATHUOC,SL,LIEUDUNG,DESCRIP) values (60,'7',4,'2','Ngung dung khi co dau hieu man cam');
Insert into HOSPITAL_MANAGE.CHITIETDONTHUOC (MAKB,MATHUOC,SL,LIEUDUNG,DESCRIP) values (61,'27',10,'3','Dung truoc khi an');
Insert into HOSPITAL_MANAGE.CHITIETDONTHUOC (MAKB,MATHUOC,SL,LIEUDUNG,DESCRIP) values (62,'8',5,'1','Dung sau khi an 15 phut');
Insert into HOSPITAL_MANAGE.CHITIETDONTHUOC (MAKB,MATHUOC,SL,LIEUDUNG,DESCRIP) values (63,'16',8,'2','Dung sau khi ngu day');
Insert into HOSPITAL_MANAGE.CHITIETDONTHUOC (MAKB,MATHUOC,SL,LIEUDUNG,DESCRIP) values (64,'97',2,'3','Dung truoc khi ngue');
Insert into HOSPITAL_MANAGE.CHITIETDONTHUOC (MAKB,MATHUOC,SL,LIEUDUNG,DESCRIP) values (65,'96',8,'3','Ngung dung khi co dau hieu man cam');
Insert into HOSPITAL_MANAGE.CHITIETDONTHUOC (MAKB,MATHUOC,SL,LIEUDUNG,DESCRIP) values (66,'67',1,'2','Dung truoc khi an');
Insert into HOSPITAL_MANAGE.CHITIETDONTHUOC (MAKB,MATHUOC,SL,LIEUDUNG,DESCRIP) values (67,'66',9,'3','Dung sau khi an 15 phut');
Insert into HOSPITAL_MANAGE.CHITIETDONTHUOC (MAKB,MATHUOC,SL,LIEUDUNG,DESCRIP) values (68,'89',1,'1','Dung sau khi ngu day');
Insert into HOSPITAL_MANAGE.CHITIETDONTHUOC (MAKB,MATHUOC,SL,LIEUDUNG,DESCRIP) values (69,'25',4,'2','Dung truoc khi ngue');
Insert into HOSPITAL_MANAGE.CHITIETDONTHUOC (MAKB,MATHUOC,SL,LIEUDUNG,DESCRIP) values (70,'14',2,'3','Ngung dung khi co dau hieu man cam');
Insert into HOSPITAL_MANAGE.CHITIETDONTHUOC (MAKB,MATHUOC,SL,LIEUDUNG,DESCRIP) values (71,'33',9,'3','Dung truoc khi an');
Insert into HOSPITAL_MANAGE.CHITIETDONTHUOC (MAKB,MATHUOC,SL,LIEUDUNG,DESCRIP) values (72,'49',8,'2','Dung sau khi an 15 phut');
Insert into HOSPITAL_MANAGE.CHITIETDONTHUOC (MAKB,MATHUOC,SL,LIEUDUNG,DESCRIP) values (73,'39',1,'1','Dung sau khi ngu day');
Insert into HOSPITAL_MANAGE.CHITIETDONTHUOC (MAKB,MATHUOC,SL,LIEUDUNG,DESCRIP) values (74,'87',2,'1','Dung truoc khi ngue');
Insert into HOSPITAL_MANAGE.CHITIETDONTHUOC (MAKB,MATHUOC,SL,LIEUDUNG,DESCRIP) values (75,'8',5,'2','Ngung dung khi co dau hieu man cam');
Insert into HOSPITAL_MANAGE.CHITIETDONTHUOC (MAKB,MATHUOC,SL,LIEUDUNG,DESCRIP) values (76,'43',1,'3','Dung truoc khi an');
Insert into HOSPITAL_MANAGE.CHITIETDONTHUOC (MAKB,MATHUOC,SL,LIEUDUNG,DESCRIP) values (77,'60',1,'1','Dung sau khi an 15 phut');
Insert into HOSPITAL_MANAGE.CHITIETDONTHUOC (MAKB,MATHUOC,SL,LIEUDUNG,DESCRIP) values (78,'15',9,'2','Dung sau khi ngu day');
Insert into HOSPITAL_MANAGE.CHITIETDONTHUOC (MAKB,MATHUOC,SL,LIEUDUNG,DESCRIP) values (79,'62',8,'3','Dung truoc khi ngue');
Insert into HOSPITAL_MANAGE.CHITIETDONTHUOC (MAKB,MATHUOC,SL,LIEUDUNG,DESCRIP) values (80,'74',3,'1','Ngung dung khi co dau hieu man cam');
Insert into HOSPITAL_MANAGE.CHITIETDONTHUOC (MAKB,MATHUOC,SL,LIEUDUNG,DESCRIP) values (81,'19',5,'2','Dung truoc khi an');
Insert into HOSPITAL_MANAGE.CHITIETDONTHUOC (MAKB,MATHUOC,SL,LIEUDUNG,DESCRIP) values (82,'65',1,'3','Dung sau khi an 15 phut');
Insert into HOSPITAL_MANAGE.CHITIETDONTHUOC (MAKB,MATHUOC,SL,LIEUDUNG,DESCRIP) values (83,'53',1,'3','Dung sau khi ngu day');
Insert into HOSPITAL_MANAGE.CHITIETDONTHUOC (MAKB,MATHUOC,SL,LIEUDUNG,DESCRIP) values (84,'82',4,'2','Dung truoc khi ngue');
Insert into HOSPITAL_MANAGE.CHITIETDONTHUOC (MAKB,MATHUOC,SL,LIEUDUNG,DESCRIP) values (85,'47',8,'3','Ngung dung khi co dau hieu man cam');
Insert into HOSPITAL_MANAGE.CHITIETDONTHUOC (MAKB,MATHUOC,SL,LIEUDUNG,DESCRIP) values (86,'72',3,'1','Dung truoc khi an');
Insert into HOSPITAL_MANAGE.CHITIETDONTHUOC (MAKB,MATHUOC,SL,LIEUDUNG,DESCRIP) values (87,'88',3,'2','Dung sau khi an 15 phut');
Insert into HOSPITAL_MANAGE.CHITIETDONTHUOC (MAKB,MATHUOC,SL,LIEUDUNG,DESCRIP) values (88,'4',3,'3','Dung sau khi ngu day');
Insert into HOSPITAL_MANAGE.CHITIETDONTHUOC (MAKB,MATHUOC,SL,LIEUDUNG,DESCRIP) values (89,'55',1,'3','Dung truoc khi ngue');
Insert into HOSPITAL_MANAGE.CHITIETDONTHUOC (MAKB,MATHUOC,SL,LIEUDUNG,DESCRIP) values (90,'47',1,'2','Ngung dung khi co dau hieu man cam');
Insert into HOSPITAL_MANAGE.CHITIETDONTHUOC (MAKB,MATHUOC,SL,LIEUDUNG,DESCRIP) values (91,'40',5,'1','Dung truoc khi an');
Insert into HOSPITAL_MANAGE.CHITIETDONTHUOC (MAKB,MATHUOC,SL,LIEUDUNG,DESCRIP) values (92,'81',3,'1','Dung sau khi an 15 phut');
Insert into HOSPITAL_MANAGE.CHITIETDONTHUOC (MAKB,MATHUOC,SL,LIEUDUNG,DESCRIP) values (93,'4',8,'2','Dung sau khi ngu day');
Insert into HOSPITAL_MANAGE.CHITIETDONTHUOC (MAKB,MATHUOC,SL,LIEUDUNG,DESCRIP) values (94,'73',5,'3','Dung truoc khi ngue');
Insert into HOSPITAL_MANAGE.CHITIETDONTHUOC (MAKB,MATHUOC,SL,LIEUDUNG,DESCRIP) values (95,'56',5,'1','Ngung dung khi co dau hieu man cam');
Insert into HOSPITAL_MANAGE.CHITIETDONTHUOC (MAKB,MATHUOC,SL,LIEUDUNG,DESCRIP) values (96,'57',10,'2','Dung truoc khi an');
Insert into HOSPITAL_MANAGE.CHITIETDONTHUOC (MAKB,MATHUOC,SL,LIEUDUNG,DESCRIP) values (97,'6',5,'3','Dung sau khi an 15 phut');
Insert into HOSPITAL_MANAGE.CHITIETDONTHUOC (MAKB,MATHUOC,SL,LIEUDUNG,DESCRIP) values (98,'45',10,'1','Dung sau khi ngu day');
Insert into HOSPITAL_MANAGE.CHITIETDONTHUOC (MAKB,MATHUOC,SL,LIEUDUNG,DESCRIP) values (99,'93',4,'2','Dung truoc khi ngue');
Insert into HOSPITAL_MANAGE.CHITIETDONTHUOC (MAKB,MATHUOC,SL,LIEUDUNG,DESCRIP) values (10,'93',4,'2','Dung truoc khi ngue');
select * from HOSPITAL_MANAGE.CHITIETDONTHUOC 
REM INSERTING into HOSPITAL_MANAGE.CHITIETHD
SET DEFINE OFF;
Insert into HOSPITAL_MANAGE.CHITIETHD (SOHD,MADV) values (1,55);
Insert into HOSPITAL_MANAGE.CHITIETHD (SOHD,MADV) values (2,61);
Insert into HOSPITAL_MANAGE.CHITIETHD (SOHD,MADV) values (3,85);
Insert into HOSPITAL_MANAGE.CHITIETHD (SOHD,MADV) values (4,11);
Insert into HOSPITAL_MANAGE.CHITIETHD (SOHD,MADV) values (5,81);
Insert into HOSPITAL_MANAGE.CHITIETHD (SOHD,MADV) values (6,37);
Insert into HOSPITAL_MANAGE.CHITIETHD (SOHD,MADV) values (7,85);
Insert into HOSPITAL_MANAGE.CHITIETHD (SOHD,MADV) values (8,81);
Insert into HOSPITAL_MANAGE.CHITIETHD (SOHD,MADV) values (9,94);
Insert into HOSPITAL_MANAGE.CHITIETHD (SOHD,MADV) values (10,68);
Insert into HOSPITAL_MANAGE.CHITIETHD (SOHD,MADV) values (11,45);
Insert into HOSPITAL_MANAGE.CHITIETHD (SOHD,MADV) values (12,75);
Insert into HOSPITAL_MANAGE.CHITIETHD (SOHD,MADV) values (13,100);
Insert into HOSPITAL_MANAGE.CHITIETHD (SOHD,MADV) values (14,47);
Insert into HOSPITAL_MANAGE.CHITIETHD (SOHD,MADV) values (15,97);
Insert into HOSPITAL_MANAGE.CHITIETHD (SOHD,MADV) values (16,91);
Insert into HOSPITAL_MANAGE.CHITIETHD (SOHD,MADV) values (17,29);
Insert into HOSPITAL_MANAGE.CHITIETHD (SOHD,MADV) values (18,13);
Insert into HOSPITAL_MANAGE.CHITIETHD (SOHD,MADV) values (19,67);
Insert into HOSPITAL_MANAGE.CHITIETHD (SOHD,MADV) values (20,36);
Insert into HOSPITAL_MANAGE.CHITIETHD (SOHD,MADV) values (21,10);
Insert into HOSPITAL_MANAGE.CHITIETHD (SOHD,MADV) values (22,35);
Insert into HOSPITAL_MANAGE.CHITIETHD (SOHD,MADV) values (23,33);
Insert into HOSPITAL_MANAGE.CHITIETHD (SOHD,MADV) values (24,46);
Insert into HOSPITAL_MANAGE.CHITIETHD (SOHD,MADV) values (25,51);
Insert into HOSPITAL_MANAGE.CHITIETHD (SOHD,MADV) values (26,58);
Insert into HOSPITAL_MANAGE.CHITIETHD (SOHD,MADV) values (27,59);
Insert into HOSPITAL_MANAGE.CHITIETHD (SOHD,MADV) values (28,91);
Insert into HOSPITAL_MANAGE.CHITIETHD (SOHD,MADV) values (29,82);
Insert into HOSPITAL_MANAGE.CHITIETHD (SOHD,MADV) values (30,47);
Insert into HOSPITAL_MANAGE.CHITIETHD (SOHD,MADV) values (31,8);
Insert into HOSPITAL_MANAGE.CHITIETHD (SOHD,MADV) values (32,96);
Insert into HOSPITAL_MANAGE.CHITIETHD (SOHD,MADV) values (33,82);
Insert into HOSPITAL_MANAGE.CHITIETHD (SOHD,MADV) values (34,84);
Insert into HOSPITAL_MANAGE.CHITIETHD (SOHD,MADV) values (35,37);
Insert into HOSPITAL_MANAGE.CHITIETHD (SOHD,MADV) values (36,70);
Insert into HOSPITAL_MANAGE.CHITIETHD (SOHD,MADV) values (37,10);
Insert into HOSPITAL_MANAGE.CHITIETHD (SOHD,MADV) values (38,18);
Insert into HOSPITAL_MANAGE.CHITIETHD (SOHD,MADV) values (39,27);
Insert into HOSPITAL_MANAGE.CHITIETHD (SOHD,MADV) values (40,13);
Insert into HOSPITAL_MANAGE.CHITIETHD (SOHD,MADV) values (41,95);
Insert into HOSPITAL_MANAGE.CHITIETHD (SOHD,MADV) values (42,48);
Insert into HOSPITAL_MANAGE.CHITIETHD (SOHD,MADV) values (43,3);
Insert into HOSPITAL_MANAGE.CHITIETHD (SOHD,MADV) values (44,48);
Insert into HOSPITAL_MANAGE.CHITIETHD (SOHD,MADV) values (45,63);
Insert into HOSPITAL_MANAGE.CHITIETHD (SOHD,MADV) values (46,9);
Insert into HOSPITAL_MANAGE.CHITIETHD (SOHD,MADV) values (47,41);
Insert into HOSPITAL_MANAGE.CHITIETHD (SOHD,MADV) values (48,19);
Insert into HOSPITAL_MANAGE.CHITIETHD (SOHD,MADV) values (49,3);
Insert into HOSPITAL_MANAGE.CHITIETHD (SOHD,MADV) values (50,94);
Insert into HOSPITAL_MANAGE.CHITIETHD (SOHD,MADV) values (51,82);
Insert into HOSPITAL_MANAGE.CHITIETHD (SOHD,MADV) values (52,10);
Insert into HOSPITAL_MANAGE.CHITIETHD (SOHD,MADV) values (53,8);
Insert into HOSPITAL_MANAGE.CHITIETHD (SOHD,MADV) values (54,10);
Insert into HOSPITAL_MANAGE.CHITIETHD (SOHD,MADV) values (55,81);
Insert into HOSPITAL_MANAGE.CHITIETHD (SOHD,MADV) values (56,13);
Insert into HOSPITAL_MANAGE.CHITIETHD (SOHD,MADV) values (57,34);
Insert into HOSPITAL_MANAGE.CHITIETHD (SOHD,MADV) values (58,73);
Insert into HOSPITAL_MANAGE.CHITIETHD (SOHD,MADV) values (59,72);
Insert into HOSPITAL_MANAGE.CHITIETHD (SOHD,MADV) values (60,40);
Insert into HOSPITAL_MANAGE.CHITIETHD (SOHD,MADV) values (61,61);
Insert into HOSPITAL_MANAGE.CHITIETHD (SOHD,MADV) values (62,80);
Insert into HOSPITAL_MANAGE.CHITIETHD (SOHD,MADV) values (63,33);
Insert into HOSPITAL_MANAGE.CHITIETHD (SOHD,MADV) values (64,39);
Insert into HOSPITAL_MANAGE.CHITIETHD (SOHD,MADV) values (65,62);
Insert into HOSPITAL_MANAGE.CHITIETHD (SOHD,MADV) values (66,15);
Insert into HOSPITAL_MANAGE.CHITIETHD (SOHD,MADV) values (67,59);
Insert into HOSPITAL_MANAGE.CHITIETHD (SOHD,MADV) values (68,86);
Insert into HOSPITAL_MANAGE.CHITIETHD (SOHD,MADV) values (69,6);
Insert into HOSPITAL_MANAGE.CHITIETHD (SOHD,MADV) values (70,72);
Insert into HOSPITAL_MANAGE.CHITIETHD (SOHD,MADV) values (71,5);
Insert into HOSPITAL_MANAGE.CHITIETHD (SOHD,MADV) values (72,47);
Insert into HOSPITAL_MANAGE.CHITIETHD (SOHD,MADV) values (73,40);
Insert into HOSPITAL_MANAGE.CHITIETHD (SOHD,MADV) values (74,12);
Insert into HOSPITAL_MANAGE.CHITIETHD (SOHD,MADV) values (75,41);
Insert into HOSPITAL_MANAGE.CHITIETHD (SOHD,MADV) values (76,32);
Insert into HOSPITAL_MANAGE.CHITIETHD (SOHD,MADV) values (77,51);
Insert into HOSPITAL_MANAGE.CHITIETHD (SOHD,MADV) values (78,82);
Insert into HOSPITAL_MANAGE.CHITIETHD (SOHD,MADV) values (79,28);
Insert into HOSPITAL_MANAGE.CHITIETHD (SOHD,MADV) values (80,98);
Insert into HOSPITAL_MANAGE.CHITIETHD (SOHD,MADV) values (81,80);
Insert into HOSPITAL_MANAGE.CHITIETHD (SOHD,MADV) values (82,56);
Insert into HOSPITAL_MANAGE.CHITIETHD (SOHD,MADV) values (83,20);
Insert into HOSPITAL_MANAGE.CHITIETHD (SOHD,MADV) values (84,51);
Insert into HOSPITAL_MANAGE.CHITIETHD (SOHD,MADV) values (85,49);
Insert into HOSPITAL_MANAGE.CHITIETHD (SOHD,MADV) values (86,88);
Insert into HOSPITAL_MANAGE.CHITIETHD (SOHD,MADV) values (87,41);
Insert into HOSPITAL_MANAGE.CHITIETHD (SOHD,MADV) values (88,72);
Insert into HOSPITAL_MANAGE.CHITIETHD (SOHD,MADV) values (89,33);
Insert into HOSPITAL_MANAGE.CHITIETHD (SOHD,MADV) values (90,82);
Insert into HOSPITAL_MANAGE.CHITIETHD (SOHD,MADV) values (91,100);
Insert into HOSPITAL_MANAGE.CHITIETHD (SOHD,MADV) values (92,67);
Insert into HOSPITAL_MANAGE.CHITIETHD (SOHD,MADV) values (93,54);
Insert into HOSPITAL_MANAGE.CHITIETHD (SOHD,MADV) values (94,15);
Insert into HOSPITAL_MANAGE.CHITIETHD (SOHD,MADV) values (95,25);
Insert into HOSPITAL_MANAGE.CHITIETHD (SOHD,MADV) values (96,3);
Insert into HOSPITAL_MANAGE.CHITIETHD (SOHD,MADV) values (97,24);
Insert into HOSPITAL_MANAGE.CHITIETHD (SOHD,MADV) values (98,73);
REM INSERTING into HOSPITAL_MANAGE.DICHVU
SET DEFINE OFF;
Insert into HOSPITAL_MANAGE.DICHVU (MADV,TENDV,PRICE) values (1,'Si√™u √¢m',43900);
Insert into HOSPITAL_MANAGE.DICHVU (MADV,TENDV,PRICE) values (2,'Si√™u √¢m + ƒëo tr·ª•c nh√£n c·∫ßu',76200);
Insert into HOSPITAL_MANAGE.DICHVU (MADV,TENDV,PRICE) values (3,'Si√™u √¢m ƒë·∫ßu d√≤ √¢m ƒë·∫°o, tr·ª±c tr√†ng',181000);
Insert into HOSPITAL_MANAGE.DICHVU (MADV,TENDV,PRICE) values (4,'Si√™u √¢m Doppler m√†u tim ho·∫∑c m·∫°ch m√°u',222000);
Insert into HOSPITAL_MANAGE.DICHVU (MADV,TENDV,PRICE) values (5,'Si√™u √¢m Doppler m√†u tim + c·∫£n √¢m',257000);
Insert into HOSPITAL_MANAGE.DICHVU (MADV,TENDV,PRICE) values (6,'Si√™u √¢m tim g·∫Øng s·ª©c',587000);
Insert into HOSPITAL_MANAGE.DICHVU (MADV,TENDV,PRICE) values (7,'Si√™u √¢m Doppler m√†u tim 4 D (3D REAL TIME)',457000);
Insert into HOSPITAL_MANAGE.DICHVU (MADV,TENDV,PRICE) values (8,'Si√™u √¢m Doppler m√†u tim ho·∫∑c m·∫°ch m√°u qua th·ª±c qu·∫£n',805000);
Insert into HOSPITAL_MANAGE.DICHVU (MADV,TENDV,PRICE) values (9,'Si√™u √¢m trong l√≤ng m·∫°ch ho·∫∑c ƒ?o d·ª± tr·ªØ l∆∞u l∆∞·ª£ng ƒë·ªông m·∫°ch v√†nh FFR ',1998000);
Insert into HOSPITAL_MANAGE.DICHVU (MADV,TENDV,PRICE) values (10,'Ch·ª•p X-quang phim  ‚â§ 24x30 cm (1 t∆∞ th·∫ø)',50200);
Insert into HOSPITAL_MANAGE.DICHVU (MADV,TENDV,PRICE) values (11,'Ch·ª•p X-quang phim  ‚â§ 24x30 cm (2 t∆∞ th·∫ø)',56200);
Insert into HOSPITAL_MANAGE.DICHVU (MADV,TENDV,PRICE) values (12,'Ch·ª•p X-quang phim > 24x30 cm (1 t∆∞ th·∫ø)',56200);
Insert into HOSPITAL_MANAGE.DICHVU (MADV,TENDV,PRICE) values (13,'Ch·ª•p X-quang phim > 24x30 cm (2 t∆∞ th·∫ø)',69200);
Insert into HOSPITAL_MANAGE.DICHVU (MADV,TENDV,PRICE) values (14,'Ch·ª•p s·ª? m·∫∑t ch·ªânh nha th∆∞·ª?ng (Panorama, Cephalometric, c·∫Øt l·ªõp l·ªìi c·∫ßu)',64200);
Insert into HOSPITAL_MANAGE.DICHVU (MADV,TENDV,PRICE) values (15,'Ch·ª•p Angiography m·∫Øt',214000);
Insert into HOSPITAL_MANAGE.DICHVU (MADV,TENDV,PRICE) values (16,'Ch·ª•p th·ª±c qu·∫£n c√≥ u·ªëng thu·ªëc c·∫£n quang ',101000);
Insert into HOSPITAL_MANAGE.DICHVU (MADV,TENDV,PRICE) values (17,'Ch·ª•p d·∫° d√†y-t√° tr√†ng c√≥ u·ªëng thu·ªëc c·∫£n quang ',116000);
Insert into HOSPITAL_MANAGE.DICHVU (MADV,TENDV,PRICE) values (18,'Ch·ª•p khung ƒë·∫°i tr√†ng c√≥ thu·ªëc c·∫£n quang',156000);
Insert into HOSPITAL_MANAGE.DICHVU (MADV,TENDV,PRICE) values (19,'Ch·ª•p m·∫≠t qua Kehr',240000);
Insert into HOSPITAL_MANAGE.DICHVU (MADV,TENDV,PRICE) values (20,'Ch·ª•p h·ªá ti·∫øt ni·ªáu c√≥ ti√™m thu·ªëc c·∫£n quang (UIV)',539000);
Insert into HOSPITAL_MANAGE.DICHVU (MADV,TENDV,PRICE) values (21,'Ch·ª•p ni·ªáu qu·∫£n - b·ªÉ th·∫≠n ng∆∞·ª£c d√≤ng (UPR) c√≥ ti√™m thu·ªëc c·∫£n quang',529000);
Insert into HOSPITAL_MANAGE.DICHVU (MADV,TENDV,PRICE) values (22,'Ch·ª•p b√†ng quang c√≥ b∆°m thu·ªëc c·∫£n quang',206000);
Insert into HOSPITAL_MANAGE.DICHVU (MADV,TENDV,PRICE) values (23,'Ch·ª•p t·ª≠ cung-v√≤i tr·ª©ng (bao g·ªìm c·∫£ thu·ªëc)',371000);
Insert into HOSPITAL_MANAGE.DICHVU (MADV,TENDV,PRICE) values (24,'Ch·ª•p X - quang v√∫ ƒë·ªãnh v·ªã kim d√¢y',386000);
Insert into HOSPITAL_MANAGE.DICHVU (MADV,TENDV,PRICE) values (25,'L·ªó d√≤ c·∫£n quang',406000);
Insert into HOSPITAL_MANAGE.DICHVU (MADV,TENDV,PRICE) values (26,'Mammography (1 b√™n)',94200);
Insert into HOSPITAL_MANAGE.DICHVU (MADV,TENDV,PRICE) values (27,'Ch·ª•p t·ªßy s·ªëng  c√≥ ti√™m thu·ªëc',401000);
Insert into HOSPITAL_MANAGE.DICHVU (MADV,TENDV,PRICE) values (28,'Ch·ª•p X-quang s·ªë h√≥a 1 phim',65400);
Insert into HOSPITAL_MANAGE.DICHVU (MADV,TENDV,PRICE) values (29,'Ch·ª•p X-quang s·ªë h√≥a 2 phim',97200);
Insert into HOSPITAL_MANAGE.DICHVU (MADV,TENDV,PRICE) values (30,'Ch·ª•p X-quang s·ªë h√≥a 3 phim',122000);
Insert into HOSPITAL_MANAGE.DICHVU (MADV,TENDV,PRICE) values (32,'Ch·ª•p t·ª≠ cung-v√≤i tr·ª©ng b·∫±ng s·ªë h√≥a',609000);
Insert into HOSPITAL_MANAGE.DICHVU (MADV,TENDV,PRICE) values (34,'Ch·ª•p h·ªá ti·∫øt ni·ªáu c√≥ ti√™m thu·ªëc c·∫£n quang (UIV) s·ªë h√≥a',224000);
Insert into HOSPITAL_MANAGE.DICHVU (MADV,TENDV,PRICE) values (35,'Ch·ª•p ni·ªáu qu·∫£n - b·ªÉ th·∫≠n ng∆∞·ª£c d√≤ng (UPR) s·ªë h√≥a',224000);
Insert into HOSPITAL_MANAGE.DICHVU (MADV,TENDV,PRICE) values (37,'Ch·ª•p th·ª±c qu·∫£n c√≥ u·ªëng thu·ªëc c·∫£n quang s·ªë h√≥a',521000);
Insert into HOSPITAL_MANAGE.DICHVU (MADV,TENDV,PRICE) values (38,'Ch·ª•p d·∫° d√†y-t√° tr√†ng c√≥ u·ªëng thu·ªëc c·∫£n quang s·ªë h√≥a',944000);
Insert into HOSPITAL_MANAGE.DICHVU (MADV,TENDV,PRICE) values (40,'Ch·ª•p khung ƒë·∫°i tr√†ng c√≥ thu·ªëc c·∫£n quang s·ªë h√≥a',522000);
Insert into HOSPITAL_MANAGE.DICHVU (MADV,TENDV,PRICE) values (41,'Ch·ª•p t·ªßy s·ªëng c√≥ thu·ªëc c·∫£n quang s·ªë h√≥a',632000);
Insert into HOSPITAL_MANAGE.DICHVU (MADV,TENDV,PRICE) values (42,'Ch·ª•p X-quang s·ªë h√≥a c·∫Øt l·ªõp tuy·∫øn v√∫ 1 b√™n (tomosynthesis)',1701000);
Insert into HOSPITAL_MANAGE.DICHVU (MADV,TENDV,PRICE) values (44,'Ch·ª•p X-quang s·ªë h√≥a ƒë∆∞·ª?ng d√≤, c√°c tuy·∫øn c√≥ b∆°m thu·ªëc c·∫£n quang tr·ª±c ti·∫øp ',3451000);
Insert into HOSPITAL_MANAGE.DICHVU (MADV,TENDV,PRICE) values (46,'Ch·ª•p CT Scanner ƒë·∫øn 32 d√£y kh√¥ng c√≥ thu·ªëc c·∫£n quang',2985000);
Insert into HOSPITAL_MANAGE.DICHVU (MADV,TENDV,PRICE) values (47,'Ch·ª•p CT Scanner ƒë·∫øn 32 d√£y c√≥ thu·ªëc c·∫£n quang',2731000);
Insert into HOSPITAL_MANAGE.DICHVU (MADV,TENDV,PRICE) values (49,'Ch·ª•p CT Scanner 64 d√£y ƒë·∫øn 128 d√£y c√≥ thu·ªëc c·∫£n quang',6637000);
Insert into HOSPITAL_MANAGE.DICHVU (MADV,TENDV,PRICE) values (50,'Ch·ª•p CT Scanner 64 d√£y ƒë·∫øn 128 d√£y kh√¥ng c√≥ thu·ªëc c·∫£n quang',19770000);
Insert into HOSPITAL_MANAGE.DICHVU (MADV,TENDV,PRICE) values (51,'Ch·ª•p CT Scanner to√†n th√¢n 64 d√£y - 128 d√£y c√≥ thu·ªëc c·∫£n quang',20539000);
Insert into HOSPITAL_MANAGE.DICHVU (MADV,TENDV,PRICE) values (53,'Ch·ª•p CT Scanner to√†n th√¢n 64 d√£y - 128 d√£y kh√¥ng c√≥ thu·ªëc c·∫£n quang',5916000);
Insert into HOSPITAL_MANAGE.DICHVU (MADV,TENDV,PRICE) values (55,'Ch·ª•p CT Scanner t·ª´ 256 d√£y tr·ªü l√™n c√≥ thu·ªëc c·∫£n quang',9066000);
Insert into HOSPITAL_MANAGE.DICHVU (MADV,TENDV,PRICE) values (56,'Ch·ª•p CT Scanner t·ª´ 256 d√£y tr·ªü l√™n kh√¥ng c√≥ thu·ªëc c·∫£n quang',7816000);
Insert into HOSPITAL_MANAGE.DICHVU (MADV,TENDV,PRICE) values (58,'Ch·ª•p CT Scanner to√†n th√¢n t·ª´ 256 d√£y c√≥ thu·ªëc c·∫£n quang',9116000);
Insert into HOSPITAL_MANAGE.DICHVU (MADV,TENDV,PRICE) values (59,'Ch·ª•p CT Scanner to√†n th√¢n t·ª´ 256 d√£y kh√¥ng thu·ªëc c·∫£n quang',2103000);
Insert into HOSPITAL_MANAGE.DICHVU (MADV,TENDV,PRICE) values (60,'Ch·ª•p PET/CT',1183000);
Insert into HOSPITAL_MANAGE.DICHVU (MADV,TENDV,PRICE) values (62,'Ch·ª•p PET/CT m√¥ ph·ª?ng x·∫° tr·ªã',1735000);
Insert into HOSPITAL_MANAGE.DICHVU (MADV,TENDV,PRICE) values (63,'Ch·ª•p m·∫°ch m√°u s·ªë h√≥a x√≥a n·ª?n (DSA) ',1235000);
Insert into HOSPITAL_MANAGE.DICHVU (MADV,TENDV,PRICE) values (64,'Ch·ª•p ƒë·ªông m·∫°ch v√†nh ho·∫∑c th√¥ng tim ch·ª•p bu·ªìng tim d∆∞·ªõi DSA',3116000);
Insert into HOSPITAL_MANAGE.DICHVU (MADV,TENDV,PRICE) values (66,'Ch·ª•p v√† can thi·ªáp tim m·∫°ch (van tim, tim b·∫©m sinh, ƒë·ªông m·∫°ch v√†nh) d∆∞·ªõi  DSA ',1311000);
Insert into HOSPITAL_MANAGE.DICHVU (MADV,TENDV,PRICE) values (67,'Ch·ª•p v√† can thi·ªáp m·∫°ch ch·ªß b·ª•ng ho·∫∑c ng·ª±c v√† m·∫°ch chi d∆∞·ªõi DSA ',8665000);
Insert into HOSPITAL_MANAGE.DICHVU (MADV,TENDV,PRICE) values (69,'Ch·ª•p v√† can thi·ªáp m·∫°ch ch·ªß b·ª•ng ho·∫∑c ng·ª±c v√† m·∫°ch chi d∆∞·ªõi C-Arm',82300);
Insert into HOSPITAL_MANAGE.DICHVU (MADV,TENDV,PRICE) values (70,'Ch·ª•p, n√∫t d·ªã d·∫°ng v√† can thi·ªáp c√°c b·ªánh l√Ω m·∫°ch th·∫ßn kinh d∆∞·ªõi DSA',141000);
Insert into HOSPITAL_MANAGE.DICHVU (MADV,TENDV,PRICE) values (71,'Can thi·ªáp ƒë∆∞·ª?ng  m·∫°ch m√°u cho c√°c t·∫°ng d∆∞·ªõi DSA',216000);
Insert into HOSPITAL_MANAGE.DICHVU (MADV,TENDV,PRICE) values (73,'Can thi·ªáp v√†o l√≤ng m·∫°ch tr·ª±c ti·∫øp qua da  ',1016000);
Insert into HOSPITAL_MANAGE.DICHVU (MADV,TENDV,PRICE) values (74,'Can thi·ªáp kh√°c d∆∞·ªõi h∆∞·ªõng d·∫´n c·ªßa CT Scanner ',479000);
Insert into HOSPITAL_MANAGE.DICHVU (MADV,TENDV,PRICE) values (75,'D·∫´n l∆∞u, nong ƒë·∫∑t Stent, l·∫•y d·ªã v·∫≠t ƒë∆∞·ª?ng m·∫≠t ho·∫∑c ƒë·∫∑t sonde JJ qua da  d∆∞·ªõi DSA',32900);
Insert into HOSPITAL_MANAGE.DICHVU (MADV,TENDV,PRICE) values (76,'ƒ?·ªët s√≥ng cao t·∫ßn ho·∫∑cvi s√≥ng  ƒëi·ª?u tr·ªã u gan d∆∞·ªõi h∆∞·ªõng d·∫´n c·ªßa CT scanner',158000);
Insert into HOSPITAL_MANAGE.DICHVU (MADV,TENDV,PRICE) values (78,'ƒ?·ªët s√≥ng cao t·∫ßn ho·∫∑c vi s√≥ng  ƒëi·ª?u tr·ªã u gan d∆∞·ªõi h∆∞·ªõng d·∫´n c·ªßa si√™u √¢m',176000);
Insert into HOSPITAL_MANAGE.DICHVU (MADV,TENDV,PRICE) values (80,'ƒ?i·ª?u tr·ªã c√°c t·ªïn th∆∞∆°ng x∆∞∆°ng, kh·ªõp, c·ªôt s·ªëng v√† c√°c t·∫°ng d∆∞·ªõi DSA ',206000);
Insert into HOSPITAL_MANAGE.DICHVU (MADV,TENDV,PRICE) values (81,'Ch·ª•p c·ªông h∆∞·ªüng t·ª´ (MRI) c√≥ thu·ªëc c·∫£n quang',247000);
Insert into HOSPITAL_MANAGE.DICHVU (MADV,TENDV,PRICE) values (83,'Ch·ª•p c·ªông h∆∞·ªüng t·ª´ (MRI) kh√¥ng c√≥ thu·ªëc c·∫£n quang',107000);
Insert into HOSPITAL_MANAGE.DICHVU (MADV,TENDV,PRICE) values (84,'Ch·ª•p c·ªông h∆∞·ªüng t·ª´ gan v·ªõi ch·∫•t t∆∞∆°ng ph·∫£n ƒë·∫∑c hi·ªáu m√¥',166000);
Insert into HOSPITAL_MANAGE.DICHVU (MADV,TENDV,PRICE) values (86,'Ch·ª•p c·ªông h∆∞·ªüng t·ª´ t∆∞·ªõi m√°u - ph·ªï - ch·ª©c nƒÉng',110000);
Insert into HOSPITAL_MANAGE.DICHVU (MADV,TENDV,PRICE) values (87,'ƒ?o m·∫≠t ƒë·ªô x∆∞∆°ng 1 v·ªã tr√≠',152000);
Insert into HOSPITAL_MANAGE.DICHVU (MADV,TENDV,PRICE) values (89,'ƒ?o m·∫≠t ƒë·ªô x∆∞∆°ng 2 v·ªã tr√≠',110000);
Insert into HOSPITAL_MANAGE.DICHVU (MADV,TENDV,PRICE) values (90,'B∆°m r·ª≠a khoang m√†ng ph·ªïi',151000);
Insert into HOSPITAL_MANAGE.DICHVU (MADV,TENDV,PRICE) values (91,'B∆°m r·ª≠a ni·ªáu qu·∫£n sau t√°n s·ª?i (ngo√†i c∆° th·ªÉ)',530000);
Insert into HOSPITAL_MANAGE.DICHVU (MADV,TENDV,PRICE) values (92,'B∆°m streptokinase v√†o khoang m√†ng ph·ªïi',128000);
Insert into HOSPITAL_MANAGE.DICHVU (MADV,TENDV,PRICE) values (93,'C·∫•p c·ª©u ng·ª´ng tu·∫ßn ho√†n',2360000);
Insert into HOSPITAL_MANAGE.DICHVU (MADV,TENDV,PRICE) values (94,'C·∫Øt ch·ªâ',596000);
Insert into HOSPITAL_MANAGE.DICHVU (MADV,TENDV,PRICE) values (95,'ChƒÉm s√≥c da cho ng∆∞·ª?i b·ªánh d·ªã ·ª©ng thu·ªëc n·∫∑ng',678000);
Insert into HOSPITAL_MANAGE.DICHVU (MADV,TENDV,PRICE) values (97,'Ch·ª?c d√≤ m√†ng b·ª•ng ho·∫∑c m√†ng ph·ªïi ',546000);
Insert into HOSPITAL_MANAGE.DICHVU (MADV,TENDV,PRICE) values (98,'Ch·ª?c th√°o d·ªãch m√†ng b·ª•ng ho·∫∑c m√†ng ph·ªïi d∆∞·ªõi h∆∞·ªõng d·∫´n c·ªßa si√™u √¢m',1367000);
Insert into HOSPITAL_MANAGE.DICHVU (MADV,TENDV,PRICE) values (99,'Ch·ª?c h√∫t kh√≠ m√†ng ph·ªïi',653000);
Insert into HOSPITAL_MANAGE.DICHVU (MADV,TENDV,PRICE) values (100,'Ch·ª?c r·ª≠a m√†ng ph·ªïi',1126000);
Insert into HOSPITAL_MANAGE.DICHVU (MADV,TENDV,PRICE) values (102,'Ch·ª?c d√≤ m√†ng tim',6811000);
Insert into HOSPITAL_MANAGE.DICHVU (MADV,TENDV,PRICE) values (103,'Ch·ª?c d√≤ sinh thi·∫øt v√∫ d∆∞·ªõi si√™u √¢m',568000);
Insert into HOSPITAL_MANAGE.DICHVU (MADV,TENDV,PRICE) values (104,'Ch·ª?c d√≤ tu·ª∑ s·ªëng',90100);
Insert into HOSPITAL_MANAGE.DICHVU (MADV,TENDV,PRICE) values (106,'Ch·ª?c h√∫t d·ªãch ƒëi·ª?u tr·ªã u nang gi√°p',1144000);
Insert into HOSPITAL_MANAGE.DICHVU (MADV,TENDV,PRICE) values (107,'Ch·ª?c h√∫t d·ªãch ƒëi·ª?u tr·ªã u nang gi√°p d∆∞·ªõi h∆∞·ªõng d·∫´n c·ªßa si√™u √¢m',3035000);
Insert into HOSPITAL_MANAGE.DICHVU (MADV,TENDV,PRICE) values (108,'Ch·ª?c h√∫t h·∫°ch ho·∫∑c u ',2025000);
Insert into HOSPITAL_MANAGE.DICHVU (MADV,TENDV,PRICE) values (31,'Ch·ª?c h√∫t h·∫°ch ho·∫∑c u ho·∫∑c √°p xe ho·∫∑c c√°c t·ªïn th∆∞∆°ng kh√°c d∆∞·ªõi h∆∞·ªõng d·∫´n c·ªßa si√™u √¢m ',411000);
Insert into HOSPITAL_MANAGE.DICHVU (MADV,TENDV,PRICE) values (33,'Ch·ª?c h√∫t h·∫°ch ho·∫∑c u ho·∫∑c √°p xe ho·∫∑c c√°c t·ªïn th∆∞∆°ng kh√°c d∆∞·ªõi h∆∞·ªõng d·∫´n c·ªßa c·∫Øt l·ªõp vi t√≠nh',564000);
Insert into HOSPITAL_MANAGE.DICHVU (MADV,TENDV,PRICE) values (36,'Ch·ª?c h√∫t t·∫ø b√†o tuy·∫øn gi√°p ',264000);
Insert into HOSPITAL_MANAGE.DICHVU (MADV,TENDV,PRICE) values (39,'Ch·ª?c h√∫t t·∫ø b√†o tuy·∫øn gi√°p d∆∞·ªõi h∆∞·ªõng d·∫´n c·ªßa si√™u √¢m',386000);
Insert into HOSPITAL_MANAGE.DICHVU (MADV,TENDV,PRICE) values (43,'Ch·ª?c h√∫t t·ªßy l√†m t·ªßy ƒë·ªì',1446000);
Insert into HOSPITAL_MANAGE.DICHVU (MADV,TENDV,PRICE) values (45,'Ch·ª?c h√∫t t·ªßy l√†m t·ªßy ƒë·ªì ',3128000);
Insert into HOSPITAL_MANAGE.DICHVU (MADV,TENDV,PRICE) values (48,'Ch·ª?c h√∫t t·ªßy l√†m t·ªßy ƒë·ªì (s·ª≠ d·ª•ng m√°y khoan c·∫ßm tay)',6673000);
Insert into HOSPITAL_MANAGE.DICHVU (MADV,TENDV,PRICE) values (52,'D·∫´n l∆∞u m√†ng ph·ªïi t·ªëi thi·ªÉu',5598000);
Insert into HOSPITAL_MANAGE.DICHVU (MADV,TENDV,PRICE) values (54,'D·∫´n l∆∞u m√†ng ph·ªïi, ·ªï √°p xe ph·ªïi d∆∞·ªõi h∆∞·ªõng d·∫´n c·ªßa si√™u √¢m',6816000);
Insert into HOSPITAL_MANAGE.DICHVU (MADV,TENDV,PRICE) values (57,'D·∫´n l∆∞u m√†ng ph·ªïi, ·ªï √°p xe ph·ªïi d∆∞·ªõi h∆∞·ªõng d·∫´n c·ªßa ch·ª•p c·∫Øt l·ªõp vi t√≠nh',9666000);
Insert into HOSPITAL_MANAGE.DICHVU (MADV,TENDV,PRICE) values (61,'ƒ?·∫∑t catheter ƒë·ªông m·∫°ch quay',3616000);
Insert into HOSPITAL_MANAGE.DICHVU (MADV,TENDV,PRICE) values (65,'ƒ?·∫∑t catheter ƒë·ªông m·∫°ch theo d√µi huy·∫øt √°p li√™n t·ª•c',2214000);
Insert into HOSPITAL_MANAGE.DICHVU (MADV,TENDV,PRICE) values (68,'ƒ?·∫∑t catheter tƒ©nh m·∫°ch trung t√¢m m·ªôt n√≤ng',3165000);
Insert into HOSPITAL_MANAGE.DICHVU (MADV,TENDV,PRICE) values (72,'ƒ?·∫∑t catheter tƒ©nh m·∫°ch trung t√¢m nhi·ª?u n√≤ng',467000);
Insert into HOSPITAL_MANAGE.DICHVU (MADV,TENDV,PRICE) values (77,'ƒ?·∫∑t ·ªëng th√¥ng tƒ©nh m·∫°ch b·∫±ng catheter 2 n√≤ng ',137000);
Insert into HOSPITAL_MANAGE.DICHVU (MADV,TENDV,PRICE) values (79,'ƒ?·∫∑t catheter hai n√≤ng c√≥ cuff, t·∫°o ƒë∆∞·ª?ng h·∫ßm ƒë·ªÉ l·ª?c m√°u',143000);
Insert into HOSPITAL_MANAGE.DICHVU (MADV,TENDV,PRICE) values (82,'ƒ?·∫∑t n·ªôi kh√≠ qu·∫£n',177000);
Insert into HOSPITAL_MANAGE.DICHVU (MADV,TENDV,PRICE) values (85,'ƒ?·∫∑t sonde d·∫° d√†y ',221000);
Insert into HOSPITAL_MANAGE.DICHVU (MADV,TENDV,PRICE) values (88,'ƒ?·∫∑t sonde JJ ni·ªáu qu·∫£n ',732000);
Insert into HOSPITAL_MANAGE.DICHVU (MADV,TENDV,PRICE) values (96,'ƒ?·∫∑t stent th·ª±c qu·∫£n qua n·ªôi soi',1199000);
Insert into HOSPITAL_MANAGE.DICHVU (MADV,TENDV,PRICE) values (101,'ƒ?i·ª?u tr·ªã rung nhƒ© b·∫±ng nƒÉng l∆∞·ª£ng s√≥ng t·∫ßn s·ªë radio ',1126000);
Insert into HOSPITAL_MANAGE.DICHVU (MADV,TENDV,PRICE) values (105,'ƒ?i·ª?u tr·ªã suy tƒ©nh m·∫°ch b·∫±ng Laser n·ªôi m·∫°ch ',917000);
REM INSERTING into HOSPITAL_MANAGE.DONTHUOC
SET DEFINE OFF;
Insert into HOSPITAL_MANAGE.DONTHUOC (MAKB,MANV) values (1,63);
Insert into HOSPITAL_MANAGE.DONTHUOC (MAKB,MANV) values (2,64);
Insert into HOSPITAL_MANAGE.DONTHUOC (MAKB,MANV) values (3,54);
Insert into HOSPITAL_MANAGE.DONTHUOC (MAKB,MANV) values (4,76);
Insert into HOSPITAL_MANAGE.DONTHUOC (MAKB,MANV) values (5,57);
Insert into HOSPITAL_MANAGE.DONTHUOC (MAKB,MANV) values (6,58);
Insert into HOSPITAL_MANAGE.DONTHUOC (MAKB,MANV) values (7,61);
Insert into HOSPITAL_MANAGE.DONTHUOC (MAKB,MANV) values (8,78);
Insert into HOSPITAL_MANAGE.DONTHUOC (MAKB,MANV) values (9,75);
Insert into HOSPITAL_MANAGE.DONTHUOC (MAKB,MANV) values (10,56);
Insert into HOSPITAL_MANAGE.DONTHUOC (MAKB,MANV) values (11,56);
Insert into HOSPITAL_MANAGE.DONTHUOC (MAKB,MANV) values (12,57);
Insert into HOSPITAL_MANAGE.DONTHUOC (MAKB,MANV) values (13,75);
Insert into HOSPITAL_MANAGE.DONTHUOC (MAKB,MANV) values (14,62);
Insert into HOSPITAL_MANAGE.DONTHUOC (MAKB,MANV) values (15,67);
Insert into HOSPITAL_MANAGE.DONTHUOC (MAKB,MANV) values (16,76);
Insert into HOSPITAL_MANAGE.DONTHUOC (MAKB,MANV) values (17,76);
Insert into HOSPITAL_MANAGE.DONTHUOC (MAKB,MANV) values (18,50);
Insert into HOSPITAL_MANAGE.DONTHUOC (MAKB,MANV) values (19,64);
Insert into HOSPITAL_MANAGE.DONTHUOC (MAKB,MANV) values (20,76);
Insert into HOSPITAL_MANAGE.DONTHUOC (MAKB,MANV) values (21,58);
Insert into HOSPITAL_MANAGE.DONTHUOC (MAKB,MANV) values (22,62);
Insert into HOSPITAL_MANAGE.DONTHUOC (MAKB,MANV) values (23,72);
Insert into HOSPITAL_MANAGE.DONTHUOC (MAKB,MANV) values (24,80);
Insert into HOSPITAL_MANAGE.DONTHUOC (MAKB,MANV) values (25,72);
Insert into HOSPITAL_MANAGE.DONTHUOC (MAKB,MANV) values (26,79);
Insert into HOSPITAL_MANAGE.DONTHUOC (MAKB,MANV) values (27,77);
Insert into HOSPITAL_MANAGE.DONTHUOC (MAKB,MANV) values (28,53);
Insert into HOSPITAL_MANAGE.DONTHUOC (MAKB,MANV) values (29,65);
Insert into HOSPITAL_MANAGE.DONTHUOC (MAKB,MANV) values (30,51);
Insert into HOSPITAL_MANAGE.DONTHUOC (MAKB,MANV) values (31,52);
Insert into HOSPITAL_MANAGE.DONTHUOC (MAKB,MANV) values (32,53);
Insert into HOSPITAL_MANAGE.DONTHUOC (MAKB,MANV) values (33,76);
Insert into HOSPITAL_MANAGE.DONTHUOC (MAKB,MANV) values (34,62);
Insert into HOSPITAL_MANAGE.DONTHUOC (MAKB,MANV) values (35,53);
Insert into HOSPITAL_MANAGE.DONTHUOC (MAKB,MANV) values (36,79);
Insert into HOSPITAL_MANAGE.DONTHUOC (MAKB,MANV) values (37,62);
Insert into HOSPITAL_MANAGE.DONTHUOC (MAKB,MANV) values (38,50);
Insert into HOSPITAL_MANAGE.DONTHUOC (MAKB,MANV) values (39,63);
Insert into HOSPITAL_MANAGE.DONTHUOC (MAKB,MANV) values (40,71);
Insert into HOSPITAL_MANAGE.DONTHUOC (MAKB,MANV) values (41,72);
Insert into HOSPITAL_MANAGE.DONTHUOC (MAKB,MANV) values (42,54);
Insert into HOSPITAL_MANAGE.DONTHUOC (MAKB,MANV) values (43,56);
Insert into HOSPITAL_MANAGE.DONTHUOC (MAKB,MANV) values (44,72);
Insert into HOSPITAL_MANAGE.DONTHUOC (MAKB,MANV) values (45,71);
Insert into HOSPITAL_MANAGE.DONTHUOC (MAKB,MANV) values (46,50);
Insert into HOSPITAL_MANAGE.DONTHUOC (MAKB,MANV) values (47,77);
Insert into HOSPITAL_MANAGE.DONTHUOC (MAKB,MANV) values (48,56);
Insert into HOSPITAL_MANAGE.DONTHUOC (MAKB,MANV) values (49,78);
Insert into HOSPITAL_MANAGE.DONTHUOC (MAKB,MANV) values (50,67);
Insert into HOSPITAL_MANAGE.DONTHUOC (MAKB,MANV) values (51,70);
Insert into HOSPITAL_MANAGE.DONTHUOC (MAKB,MANV) values (52,75);
Insert into HOSPITAL_MANAGE.DONTHUOC (MAKB,MANV) values (53,59);
Insert into HOSPITAL_MANAGE.DONTHUOC (MAKB,MANV) values (54,71);
Insert into HOSPITAL_MANAGE.DONTHUOC (MAKB,MANV) values (55,65);
Insert into HOSPITAL_MANAGE.DONTHUOC (MAKB,MANV) values (56,59);
Insert into HOSPITAL_MANAGE.DONTHUOC (MAKB,MANV) values (57,62);
Insert into HOSPITAL_MANAGE.DONTHUOC (MAKB,MANV) values (58,56);
Insert into HOSPITAL_MANAGE.DONTHUOC (MAKB,MANV) values (59,66);
Insert into HOSPITAL_MANAGE.DONTHUOC (MAKB,MANV) values (60,75);
Insert into HOSPITAL_MANAGE.DONTHUOC (MAKB,MANV) values (61,50);
Insert into HOSPITAL_MANAGE.DONTHUOC (MAKB,MANV) values (62,75);
Insert into HOSPITAL_MANAGE.DONTHUOC (MAKB,MANV) values (63,68);
Insert into HOSPITAL_MANAGE.DONTHUOC (MAKB,MANV) values (64,64);
Insert into HOSPITAL_MANAGE.DONTHUOC (MAKB,MANV) values (65,74);
Insert into HOSPITAL_MANAGE.DONTHUOC (MAKB,MANV) values (66,70);
Insert into HOSPITAL_MANAGE.DONTHUOC (MAKB,MANV) values (67,68);
Insert into HOSPITAL_MANAGE.DONTHUOC (MAKB,MANV) values (68,56);
Insert into HOSPITAL_MANAGE.DONTHUOC (MAKB,MANV) values (69,51);
Insert into HOSPITAL_MANAGE.DONTHUOC (MAKB,MANV) values (70,66);
Insert into HOSPITAL_MANAGE.DONTHUOC (MAKB,MANV) values (71,61);
Insert into HOSPITAL_MANAGE.DONTHUOC (MAKB,MANV) values (72,53);
Insert into HOSPITAL_MANAGE.DONTHUOC (MAKB,MANV) values (73,78);
Insert into HOSPITAL_MANAGE.DONTHUOC (MAKB,MANV) values (74,67);
Insert into HOSPITAL_MANAGE.DONTHUOC (MAKB,MANV) values (75,76);
Insert into HOSPITAL_MANAGE.DONTHUOC (MAKB,MANV) values (76,72);
Insert into HOSPITAL_MANAGE.DONTHUOC (MAKB,MANV) values (77,71);
Insert into HOSPITAL_MANAGE.DONTHUOC (MAKB,MANV) values (78,62);
Insert into HOSPITAL_MANAGE.DONTHUOC (MAKB,MANV) values (79,64);
Insert into HOSPITAL_MANAGE.DONTHUOC (MAKB,MANV) values (80,63);
Insert into HOSPITAL_MANAGE.DONTHUOC (MAKB,MANV) values (81,53);
Insert into HOSPITAL_MANAGE.DONTHUOC (MAKB,MANV) values (82,71);
Insert into HOSPITAL_MANAGE.DONTHUOC (MAKB,MANV) values (83,60);
Insert into HOSPITAL_MANAGE.DONTHUOC (MAKB,MANV) values (84,64);
Insert into HOSPITAL_MANAGE.DONTHUOC (MAKB,MANV) values (85,58);
Insert into HOSPITAL_MANAGE.DONTHUOC (MAKB,MANV) values (86,54);
Insert into HOSPITAL_MANAGE.DONTHUOC (MAKB,MANV) values (87,79);
Insert into HOSPITAL_MANAGE.DONTHUOC (MAKB,MANV) values (88,68);
Insert into HOSPITAL_MANAGE.DONTHUOC (MAKB,MANV) values (89,60);
Insert into HOSPITAL_MANAGE.DONTHUOC (MAKB,MANV) values (90,71);
Insert into HOSPITAL_MANAGE.DONTHUOC (MAKB,MANV) values (91,50);
Insert into HOSPITAL_MANAGE.DONTHUOC (MAKB,MANV) values (92,72);
Insert into HOSPITAL_MANAGE.DONTHUOC (MAKB,MANV) values (93,79);
Insert into HOSPITAL_MANAGE.DONTHUOC (MAKB,MANV) values (94,80);
Insert into HOSPITAL_MANAGE.DONTHUOC (MAKB,MANV) values (95,56);
Insert into HOSPITAL_MANAGE.DONTHUOC (MAKB,MANV) values (96,73);
Insert into HOSPITAL_MANAGE.DONTHUOC (MAKB,MANV) values (97,61);
Insert into HOSPITAL_MANAGE.DONTHUOC (MAKB,MANV) values (98,66);
Insert into HOSPITAL_MANAGE.DONTHUOC (MAKB,MANV) values (99,59);
REM INSERTING into HOSPITAL_MANAGE.DONVI
SET DEFINE OFF;
Insert into HOSPITAL_MANAGE.DONVI (MADV,TEN) values (1,'Qu?n 1');
Insert into HOSPITAL_MANAGE.DONVI (MADV,TEN) values (2,'Qu?n 2');
Insert into HOSPITAL_MANAGE.DONVI (MADV,TEN) values (3,'Qu?n 3');
Insert into HOSPITAL_MANAGE.DONVI (MADV,TEN) values (4,'Qu?n 4');
Insert into HOSPITAL_MANAGE.DONVI (MADV,TEN) values (5,'Qu?n 5');
Insert into HOSPITAL_MANAGE.DONVI (MADV,TEN) values (6,'Qu?n 6');
Insert into HOSPITAL_MANAGE.DONVI (MADV,TEN) values (7,'Qu?n 7');
Insert into HOSPITAL_MANAGE.DONVI (MADV,TEN) values (8,'Qu?n 8');
Insert into HOSPITAL_MANAGE.DONVI (MADV,TEN) values (9,'Qu?n 9');
Insert into HOSPITAL_MANAGE.DONVI (MADV,TEN) values (10,'Qu?n 10');
REM INSERTING into HOSPITAL_MANAGE.HOADON
SET DEFINE OFF;
Insert into HOSPITAL_MANAGE.HOADON (SOHD,MAKB,NGAY,NGUOIPT,TONGTIEN) values (1,1,to_date('01-JAN-20','DD-MON-RR'),57,8845);
Insert into HOSPITAL_MANAGE.HOADON (SOHD,MAKB,NGAY,NGUOIPT,TONGTIEN) values (2,2,to_date('02-JAN-20','DD-MON-RR'),54,4124);
Insert into HOSPITAL_MANAGE.HOADON (SOHD,MAKB,NGAY,NGUOIPT,TONGTIEN) values (3,3,to_date('03-JAN-20','DD-MON-RR'),53,3584);
Insert into HOSPITAL_MANAGE.HOADON (SOHD,MAKB,NGAY,NGUOIPT,TONGTIEN) values (4,4,to_date('04-JAN-20','DD-MON-RR'),71,1139);
Insert into HOSPITAL_MANAGE.HOADON (SOHD,MAKB,NGAY,NGUOIPT,TONGTIEN) values (5,5,to_date('05-JAN-20','DD-MON-RR'),79,3046);
Insert into HOSPITAL_MANAGE.HOADON (SOHD,MAKB,NGAY,NGUOIPT,TONGTIEN) values (6,6,to_date('06-JAN-20','DD-MON-RR'),54,8188);
Insert into HOSPITAL_MANAGE.HOADON (SOHD,MAKB,NGAY,NGUOIPT,TONGTIEN) values (7,7,to_date('07-JAN-20','DD-MON-RR'),57,7817);
Insert into HOSPITAL_MANAGE.HOADON (SOHD,MAKB,NGAY,NGUOIPT,TONGTIEN) values (8,8,to_date('08-JAN-20','DD-MON-RR'),55,8256);
Insert into HOSPITAL_MANAGE.HOADON (SOHD,MAKB,NGAY,NGUOIPT,TONGTIEN) values (9,9,to_date('09-JAN-20','DD-MON-RR'),78,5304);
Insert into HOSPITAL_MANAGE.HOADON (SOHD,MAKB,NGAY,NGUOIPT,TONGTIEN) values (10,10,to_date('10-JAN-20','DD-MON-RR'),73,4235);
Insert into HOSPITAL_MANAGE.HOADON (SOHD,MAKB,NGAY,NGUOIPT,TONGTIEN) values (11,11,to_date('11-JAN-20','DD-MON-RR'),50,5463);
Insert into HOSPITAL_MANAGE.HOADON (SOHD,MAKB,NGAY,NGUOIPT,TONGTIEN) values (12,12,to_date('12-JAN-20','DD-MON-RR'),77,2147);
Insert into HOSPITAL_MANAGE.HOADON (SOHD,MAKB,NGAY,NGUOIPT,TONGTIEN) values (13,13,to_date('13-JAN-20','DD-MON-RR'),59,4746);
Insert into HOSPITAL_MANAGE.HOADON (SOHD,MAKB,NGAY,NGUOIPT,TONGTIEN) values (14,14,to_date('14-JAN-20','DD-MON-RR'),71,9648);
Insert into HOSPITAL_MANAGE.HOADON (SOHD,MAKB,NGAY,NGUOIPT,TONGTIEN) values (15,15,to_date('15-JAN-20','DD-MON-RR'),68,2631);
Insert into HOSPITAL_MANAGE.HOADON (SOHD,MAKB,NGAY,NGUOIPT,TONGTIEN) values (16,16,to_date('16-JAN-20','DD-MON-RR'),56,9394);
Insert into HOSPITAL_MANAGE.HOADON (SOHD,MAKB,NGAY,NGUOIPT,TONGTIEN) values (17,17,to_date('17-JAN-20','DD-MON-RR'),50,1569);
Insert into HOSPITAL_MANAGE.HOADON (SOHD,MAKB,NGAY,NGUOIPT,TONGTIEN) values (18,18,to_date('18-JAN-20','DD-MON-RR'),69,3557);
Insert into HOSPITAL_MANAGE.HOADON (SOHD,MAKB,NGAY,NGUOIPT,TONGTIEN) values (19,19,to_date('19-JAN-20','DD-MON-RR'),76,1030);
Insert into HOSPITAL_MANAGE.HOADON (SOHD,MAKB,NGAY,NGUOIPT,TONGTIEN) values (20,20,to_date('20-JAN-20','DD-MON-RR'),76,4192);
Insert into HOSPITAL_MANAGE.HOADON (SOHD,MAKB,NGAY,NGUOIPT,TONGTIEN) values (21,21,to_date('21-JAN-20','DD-MON-RR'),65,7631);
Insert into HOSPITAL_MANAGE.HOADON (SOHD,MAKB,NGAY,NGUOIPT,TONGTIEN) values (22,22,to_date('22-JAN-20','DD-MON-RR'),53,5203);
Insert into HOSPITAL_MANAGE.HOADON (SOHD,MAKB,NGAY,NGUOIPT,TONGTIEN) values (23,23,to_date('23-JAN-20','DD-MON-RR'),53,7037);
Insert into HOSPITAL_MANAGE.HOADON (SOHD,MAKB,NGAY,NGUOIPT,TONGTIEN) values (24,24,to_date('24-JAN-20','DD-MON-RR'),78,2389);
Insert into HOSPITAL_MANAGE.HOADON (SOHD,MAKB,NGAY,NGUOIPT,TONGTIEN) values (25,25,to_date('25-JAN-20','DD-MON-RR'),79,2469);
Insert into HOSPITAL_MANAGE.HOADON (SOHD,MAKB,NGAY,NGUOIPT,TONGTIEN) values (26,26,to_date('26-JAN-20','DD-MON-RR'),57,9479);
Insert into HOSPITAL_MANAGE.HOADON (SOHD,MAKB,NGAY,NGUOIPT,TONGTIEN) values (27,27,to_date('27-JAN-20','DD-MON-RR'),74,1693);
Insert into HOSPITAL_MANAGE.HOADON (SOHD,MAKB,NGAY,NGUOIPT,TONGTIEN) values (28,28,to_date('28-JAN-20','DD-MON-RR'),73,6629);
Insert into HOSPITAL_MANAGE.HOADON (SOHD,MAKB,NGAY,NGUOIPT,TONGTIEN) values (29,29,to_date('29-JAN-20','DD-MON-RR'),67,8359);
Insert into HOSPITAL_MANAGE.HOADON (SOHD,MAKB,NGAY,NGUOIPT,TONGTIEN) values (30,30,to_date('30-JAN-20','DD-MON-RR'),74,5592);
Insert into HOSPITAL_MANAGE.HOADON (SOHD,MAKB,NGAY,NGUOIPT,TONGTIEN) values (31,31,to_date('31-JAN-20','DD-MON-RR'),66,7944);
Insert into HOSPITAL_MANAGE.HOADON (SOHD,MAKB,NGAY,NGUOIPT,TONGTIEN) values (32,32,to_date('01-FEB-20','DD-MON-RR'),58,1246);
Insert into HOSPITAL_MANAGE.HOADON (SOHD,MAKB,NGAY,NGUOIPT,TONGTIEN) values (33,33,to_date('02-FEB-20','DD-MON-RR'),51,3895);
Insert into HOSPITAL_MANAGE.HOADON (SOHD,MAKB,NGAY,NGUOIPT,TONGTIEN) values (34,34,to_date('03-FEB-20','DD-MON-RR'),64,3183);
Insert into HOSPITAL_MANAGE.HOADON (SOHD,MAKB,NGAY,NGUOIPT,TONGTIEN) values (35,35,to_date('04-FEB-20','DD-MON-RR'),56,4283);
Insert into HOSPITAL_MANAGE.HOADON (SOHD,MAKB,NGAY,NGUOIPT,TONGTIEN) values (36,36,to_date('05-FEB-20','DD-MON-RR'),58,7916);
Insert into HOSPITAL_MANAGE.HOADON (SOHD,MAKB,NGAY,NGUOIPT,TONGTIEN) values (37,37,to_date('06-FEB-20','DD-MON-RR'),71,5972);
Insert into HOSPITAL_MANAGE.HOADON (SOHD,MAKB,NGAY,NGUOIPT,TONGTIEN) values (38,38,to_date('07-FEB-20','DD-MON-RR'),72,2119);
Insert into HOSPITAL_MANAGE.HOADON (SOHD,MAKB,NGAY,NGUOIPT,TONGTIEN) values (39,39,to_date('08-FEB-20','DD-MON-RR'),60,6374);
Insert into HOSPITAL_MANAGE.HOADON (SOHD,MAKB,NGAY,NGUOIPT,TONGTIEN) values (40,40,to_date('09-FEB-20','DD-MON-RR'),51,6483);
Insert into HOSPITAL_MANAGE.HOADON (SOHD,MAKB,NGAY,NGUOIPT,TONGTIEN) values (41,41,to_date('10-FEB-20','DD-MON-RR'),65,6393);
Insert into HOSPITAL_MANAGE.HOADON (SOHD,MAKB,NGAY,NGUOIPT,TONGTIEN) values (42,42,to_date('11-FEB-20','DD-MON-RR'),72,6035);
Insert into HOSPITAL_MANAGE.HOADON (SOHD,MAKB,NGAY,NGUOIPT,TONGTIEN) values (43,43,to_date('12-FEB-20','DD-MON-RR'),60,4057);
Insert into HOSPITAL_MANAGE.HOADON (SOHD,MAKB,NGAY,NGUOIPT,TONGTIEN) values (44,44,to_date('13-FEB-20','DD-MON-RR'),59,2707);
Insert into HOSPITAL_MANAGE.HOADON (SOHD,MAKB,NGAY,NGUOIPT,TONGTIEN) values (45,45,to_date('14-FEB-20','DD-MON-RR'),58,2732);
Insert into HOSPITAL_MANAGE.HOADON (SOHD,MAKB,NGAY,NGUOIPT,TONGTIEN) values (46,46,to_date('15-FEB-20','DD-MON-RR'),70,1592);
Insert into HOSPITAL_MANAGE.HOADON (SOHD,MAKB,NGAY,NGUOIPT,TONGTIEN) values (47,47,to_date('16-FEB-20','DD-MON-RR'),78,4057);
Insert into HOSPITAL_MANAGE.HOADON (SOHD,MAKB,NGAY,NGUOIPT,TONGTIEN) values (48,48,to_date('17-FEB-20','DD-MON-RR'),78,4609);
Insert into HOSPITAL_MANAGE.HOADON (SOHD,MAKB,NGAY,NGUOIPT,TONGTIEN) values (49,49,to_date('18-FEB-20','DD-MON-RR'),74,4437);
Insert into HOSPITAL_MANAGE.HOADON (SOHD,MAKB,NGAY,NGUOIPT,TONGTIEN) values (50,50,to_date('19-FEB-20','DD-MON-RR'),79,8273);
Insert into HOSPITAL_MANAGE.HOADON (SOHD,MAKB,NGAY,NGUOIPT,TONGTIEN) values (51,51,to_date('20-FEB-20','DD-MON-RR'),56,3573);
Insert into HOSPITAL_MANAGE.HOADON (SOHD,MAKB,NGAY,NGUOIPT,TONGTIEN) values (52,52,to_date('21-FEB-20','DD-MON-RR'),63,3905);
Insert into HOSPITAL_MANAGE.HOADON (SOHD,MAKB,NGAY,NGUOIPT,TONGTIEN) values (53,53,to_date('22-FEB-20','DD-MON-RR'),55,2027);
Insert into HOSPITAL_MANAGE.HOADON (SOHD,MAKB,NGAY,NGUOIPT,TONGTIEN) values (54,54,to_date('23-FEB-20','DD-MON-RR'),66,1938);
Insert into HOSPITAL_MANAGE.HOADON (SOHD,MAKB,NGAY,NGUOIPT,TONGTIEN) values (55,55,to_date('24-FEB-20','DD-MON-RR'),80,7281);
Insert into HOSPITAL_MANAGE.HOADON (SOHD,MAKB,NGAY,NGUOIPT,TONGTIEN) values (56,56,to_date('25-FEB-20','DD-MON-RR'),56,4450);
Insert into HOSPITAL_MANAGE.HOADON (SOHD,MAKB,NGAY,NGUOIPT,TONGTIEN) values (57,57,to_date('26-FEB-20','DD-MON-RR'),51,3651);
Insert into HOSPITAL_MANAGE.HOADON (SOHD,MAKB,NGAY,NGUOIPT,TONGTIEN) values (58,58,to_date('27-FEB-20','DD-MON-RR'),74,2222);
Insert into HOSPITAL_MANAGE.HOADON (SOHD,MAKB,NGAY,NGUOIPT,TONGTIEN) values (59,59,to_date('28-FEB-20','DD-MON-RR'),67,3209);
Insert into HOSPITAL_MANAGE.HOADON (SOHD,MAKB,NGAY,NGUOIPT,TONGTIEN) values (60,60,to_date('29-FEB-20','DD-MON-RR'),59,8949);
Insert into HOSPITAL_MANAGE.HOADON (SOHD,MAKB,NGAY,NGUOIPT,TONGTIEN) values (61,61,to_date('01-MAR-20','DD-MON-RR'),69,8093);
Insert into HOSPITAL_MANAGE.HOADON (SOHD,MAKB,NGAY,NGUOIPT,TONGTIEN) values (62,62,to_date('02-MAR-20','DD-MON-RR'),57,8219);
Insert into HOSPITAL_MANAGE.HOADON (SOHD,MAKB,NGAY,NGUOIPT,TONGTIEN) values (63,63,to_date('03-MAR-20','DD-MON-RR'),64,5254);
Insert into HOSPITAL_MANAGE.HOADON (SOHD,MAKB,NGAY,NGUOIPT,TONGTIEN) values (64,64,to_date('04-MAR-20','DD-MON-RR'),51,1080);
Insert into HOSPITAL_MANAGE.HOADON (SOHD,MAKB,NGAY,NGUOIPT,TONGTIEN) values (65,65,to_date('05-MAR-20','DD-MON-RR'),63,4229);
Insert into HOSPITAL_MANAGE.HOADON (SOHD,MAKB,NGAY,NGUOIPT,TONGTIEN) values (66,66,to_date('06-MAR-20','DD-MON-RR'),78,1309);
Insert into HOSPITAL_MANAGE.HOADON (SOHD,MAKB,NGAY,NGUOIPT,TONGTIEN) values (67,67,to_date('07-MAR-20','DD-MON-RR'),80,6551);
Insert into HOSPITAL_MANAGE.HOADON (SOHD,MAKB,NGAY,NGUOIPT,TONGTIEN) values (68,68,to_date('08-MAR-20','DD-MON-RR'),61,572);
Insert into HOSPITAL_MANAGE.HOADON (SOHD,MAKB,NGAY,NGUOIPT,TONGTIEN) values (69,69,to_date('09-MAR-20','DD-MON-RR'),51,3809);
Insert into HOSPITAL_MANAGE.HOADON (SOHD,MAKB,NGAY,NGUOIPT,TONGTIEN) values (70,70,to_date('10-MAR-20','DD-MON-RR'),74,8315);
Insert into HOSPITAL_MANAGE.HOADON (SOHD,MAKB,NGAY,NGUOIPT,TONGTIEN) values (71,71,to_date('11-MAR-20','DD-MON-RR'),76,3716);
Insert into HOSPITAL_MANAGE.HOADON (SOHD,MAKB,NGAY,NGUOIPT,TONGTIEN) values (72,72,to_date('12-MAR-20','DD-MON-RR'),76,5096);
Insert into HOSPITAL_MANAGE.HOADON (SOHD,MAKB,NGAY,NGUOIPT,TONGTIEN) values (73,73,to_date('13-MAR-20','DD-MON-RR'),66,2784);
Insert into HOSPITAL_MANAGE.HOADON (SOHD,MAKB,NGAY,NGUOIPT,TONGTIEN) values (74,74,to_date('14-MAR-20','DD-MON-RR'),57,2097);
Insert into HOSPITAL_MANAGE.HOADON (SOHD,MAKB,NGAY,NGUOIPT,TONGTIEN) values (75,75,to_date('15-MAR-20','DD-MON-RR'),59,7418);
Insert into HOSPITAL_MANAGE.HOADON (SOHD,MAKB,NGAY,NGUOIPT,TONGTIEN) values (76,76,to_date('16-MAR-20','DD-MON-RR'),69,5785);
Insert into HOSPITAL_MANAGE.HOADON (SOHD,MAKB,NGAY,NGUOIPT,TONGTIEN) values (77,77,to_date('17-MAR-20','DD-MON-RR'),60,6309);
Insert into HOSPITAL_MANAGE.HOADON (SOHD,MAKB,NGAY,NGUOIPT,TONGTIEN) values (78,78,to_date('18-MAR-20','DD-MON-RR'),71,8017);
Insert into HOSPITAL_MANAGE.HOADON (SOHD,MAKB,NGAY,NGUOIPT,TONGTIEN) values (79,79,to_date('19-MAR-20','DD-MON-RR'),75,4560);
Insert into HOSPITAL_MANAGE.HOADON (SOHD,MAKB,NGAY,NGUOIPT,TONGTIEN) values (80,80,to_date('20-MAR-20','DD-MON-RR'),67,8993);
Insert into HOSPITAL_MANAGE.HOADON (SOHD,MAKB,NGAY,NGUOIPT,TONGTIEN) values (81,81,to_date('21-MAR-20','DD-MON-RR'),75,7906);
Insert into HOSPITAL_MANAGE.HOADON (SOHD,MAKB,NGAY,NGUOIPT,TONGTIEN) values (82,82,to_date('22-MAR-20','DD-MON-RR'),68,8128);
Insert into HOSPITAL_MANAGE.HOADON (SOHD,MAKB,NGAY,NGUOIPT,TONGTIEN) values (83,83,to_date('23-MAR-20','DD-MON-RR'),51,1266);
Insert into HOSPITAL_MANAGE.HOADON (SOHD,MAKB,NGAY,NGUOIPT,TONGTIEN) values (84,84,to_date('24-MAR-20','DD-MON-RR'),79,8836);
Insert into HOSPITAL_MANAGE.HOADON (SOHD,MAKB,NGAY,NGUOIPT,TONGTIEN) values (85,85,to_date('25-MAR-20','DD-MON-RR'),61,5657);
Insert into HOSPITAL_MANAGE.HOADON (SOHD,MAKB,NGAY,NGUOIPT,TONGTIEN) values (86,86,to_date('26-MAR-20','DD-MON-RR'),79,6786);
Insert into HOSPITAL_MANAGE.HOADON (SOHD,MAKB,NGAY,NGUOIPT,TONGTIEN) values (87,87,to_date('27-MAR-20','DD-MON-RR'),62,2710);
Insert into HOSPITAL_MANAGE.HOADON (SOHD,MAKB,NGAY,NGUOIPT,TONGTIEN) values (88,88,to_date('28-MAR-20','DD-MON-RR'),51,9397);
Insert into HOSPITAL_MANAGE.HOADON (SOHD,MAKB,NGAY,NGUOIPT,TONGTIEN) values (89,89,to_date('29-MAR-20','DD-MON-RR'),53,7657);
Insert into HOSPITAL_MANAGE.HOADON (SOHD,MAKB,NGAY,NGUOIPT,TONGTIEN) values (90,90,to_date('30-MAR-20','DD-MON-RR'),53,6280);
Insert into HOSPITAL_MANAGE.HOADON (SOHD,MAKB,NGAY,NGUOIPT,TONGTIEN) values (91,91,to_date('31-MAR-20','DD-MON-RR'),51,6726);
Insert into HOSPITAL_MANAGE.HOADON (SOHD,MAKB,NGAY,NGUOIPT,TONGTIEN) values (92,92,to_date('01-APR-20','DD-MON-RR'),59,7888);
Insert into HOSPITAL_MANAGE.HOADON (SOHD,MAKB,NGAY,NGUOIPT,TONGTIEN) values (93,93,to_date('02-APR-20','DD-MON-RR'),77,9852);
Insert into HOSPITAL_MANAGE.HOADON (SOHD,MAKB,NGAY,NGUOIPT,TONGTIEN) values (94,94,to_date('03-APR-20','DD-MON-RR'),79,4418);
Insert into HOSPITAL_MANAGE.HOADON (SOHD,MAKB,NGAY,NGUOIPT,TONGTIEN) values (95,95,to_date('04-APR-20','DD-MON-RR'),70,5000);
Insert into HOSPITAL_MANAGE.HOADON (SOHD,MAKB,NGAY,NGUOIPT,TONGTIEN) values (96,96,to_date('05-APR-20','DD-MON-RR'),58,4384);
Insert into HOSPITAL_MANAGE.HOADON (SOHD,MAKB,NGAY,NGUOIPT,TONGTIEN) values (97,97,to_date('06-APR-20','DD-MON-RR'),57,7753);
Insert into HOSPITAL_MANAGE.HOADON (SOHD,MAKB,NGAY,NGUOIPT,TONGTIEN) values (98,98,to_date('07-APR-20','DD-MON-RR'),80,4931);
REM INSERTING into HOSPITAL_MANAGE.HOSO_DICHVU
SET DEFINE OFF;
Insert into HOSPITAL_MANAGE.HOSO_DICHVU (MAKB,MADV,NGAY,NGUOI_TH) values (1,55,to_date('01-JAN-20','DD-MON-RR'),79);
Insert into HOSPITAL_MANAGE.HOSO_DICHVU (MAKB,MADV,NGAY,NGUOI_TH) values (2,61,to_date('02-JAN-20','DD-MON-RR'),58);
Insert into HOSPITAL_MANAGE.HOSO_DICHVU (MAKB,MADV,NGAY,NGUOI_TH) values (3,85,to_date('03-JAN-20','DD-MON-RR'),80);
Insert into HOSPITAL_MANAGE.HOSO_DICHVU (MAKB,MADV,NGAY,NGUOI_TH) values (4,11,to_date('04-JAN-20','DD-MON-RR'),58);
Insert into HOSPITAL_MANAGE.HOSO_DICHVU (MAKB,MADV,NGAY,NGUOI_TH) values (5,81,to_date('05-JAN-20','DD-MON-RR'),60);
Insert into HOSPITAL_MANAGE.HOSO_DICHVU (MAKB,MADV,NGAY,NGUOI_TH) values (6,37,to_date('06-JAN-20','DD-MON-RR'),73);
Insert into HOSPITAL_MANAGE.HOSO_DICHVU (MAKB,MADV,NGAY,NGUOI_TH) values (7,85,to_date('07-JAN-20','DD-MON-RR'),72);
Insert into HOSPITAL_MANAGE.HOSO_DICHVU (MAKB,MADV,NGAY,NGUOI_TH) values (8,81,to_date('08-JAN-20','DD-MON-RR'),64);
Insert into HOSPITAL_MANAGE.HOSO_DICHVU (MAKB,MADV,NGAY,NGUOI_TH) values (9,94,to_date('09-JAN-20','DD-MON-RR'),62);
Insert into HOSPITAL_MANAGE.HOSO_DICHVU (MAKB,MADV,NGAY,NGUOI_TH) values (10,68,to_date('10-JAN-20','DD-MON-RR'),53);
Insert into HOSPITAL_MANAGE.HOSO_DICHVU (MAKB,MADV,NGAY,NGUOI_TH) values (11,45,to_date('11-JAN-20','DD-MON-RR'),60);
Insert into HOSPITAL_MANAGE.HOSO_DICHVU (MAKB,MADV,NGAY,NGUOI_TH) values (12,75,to_date('12-JAN-20','DD-MON-RR'),65);
Insert into HOSPITAL_MANAGE.HOSO_DICHVU (MAKB,MADV,NGAY,NGUOI_TH) values (13,100,to_date('13-JAN-20','DD-MON-RR'),73);
Insert into HOSPITAL_MANAGE.HOSO_DICHVU (MAKB,MADV,NGAY,NGUOI_TH) values (14,47,to_date('14-JAN-20','DD-MON-RR'),74);
Insert into HOSPITAL_MANAGE.HOSO_DICHVU (MAKB,MADV,NGAY,NGUOI_TH) values (15,97,to_date('15-JAN-20','DD-MON-RR'),51);
Insert into HOSPITAL_MANAGE.HOSO_DICHVU (MAKB,MADV,NGAY,NGUOI_TH) values (16,91,to_date('16-JAN-20','DD-MON-RR'),63);
Insert into HOSPITAL_MANAGE.HOSO_DICHVU (MAKB,MADV,NGAY,NGUOI_TH) values (17,29,to_date('17-JAN-20','DD-MON-RR'),69);
Insert into HOSPITAL_MANAGE.HOSO_DICHVU (MAKB,MADV,NGAY,NGUOI_TH) values (18,13,to_date('18-JAN-20','DD-MON-RR'),70);
Insert into HOSPITAL_MANAGE.HOSO_DICHVU (MAKB,MADV,NGAY,NGUOI_TH) values (19,67,to_date('19-JAN-20','DD-MON-RR'),61);
Insert into HOSPITAL_MANAGE.HOSO_DICHVU (MAKB,MADV,NGAY,NGUOI_TH) values (20,36,to_date('20-JAN-20','DD-MON-RR'),62);
Insert into HOSPITAL_MANAGE.HOSO_DICHVU (MAKB,MADV,NGAY,NGUOI_TH) values (21,10,to_date('21-JAN-20','DD-MON-RR'),77);
Insert into HOSPITAL_MANAGE.HOSO_DICHVU (MAKB,MADV,NGAY,NGUOI_TH) values (22,35,to_date('22-JAN-20','DD-MON-RR'),71);
Insert into HOSPITAL_MANAGE.HOSO_DICHVU (MAKB,MADV,NGAY,NGUOI_TH) values (23,33,to_date('23-JAN-20','DD-MON-RR'),63);
Insert into HOSPITAL_MANAGE.HOSO_DICHVU (MAKB,MADV,NGAY,NGUOI_TH) values (24,46,to_date('24-JAN-20','DD-MON-RR'),57);
Insert into HOSPITAL_MANAGE.HOSO_DICHVU (MAKB,MADV,NGAY,NGUOI_TH) values (25,51,to_date('25-JAN-20','DD-MON-RR'),69);
Insert into HOSPITAL_MANAGE.HOSO_DICHVU (MAKB,MADV,NGAY,NGUOI_TH) values (26,58,to_date('26-JAN-20','DD-MON-RR'),65);
Insert into HOSPITAL_MANAGE.HOSO_DICHVU (MAKB,MADV,NGAY,NGUOI_TH) values (27,59,to_date('27-JAN-20','DD-MON-RR'),65);
Insert into HOSPITAL_MANAGE.HOSO_DICHVU (MAKB,MADV,NGAY,NGUOI_TH) values (28,91,to_date('28-JAN-20','DD-MON-RR'),52);
Insert into HOSPITAL_MANAGE.HOSO_DICHVU (MAKB,MADV,NGAY,NGUOI_TH) values (29,82,to_date('29-JAN-20','DD-MON-RR'),62);
Insert into HOSPITAL_MANAGE.HOSO_DICHVU (MAKB,MADV,NGAY,NGUOI_TH) values (30,47,to_date('30-JAN-20','DD-MON-RR'),68);
Insert into HOSPITAL_MANAGE.HOSO_DICHVU (MAKB,MADV,NGAY,NGUOI_TH) values (31,8,to_date('31-JAN-20','DD-MON-RR'),60);
Insert into HOSPITAL_MANAGE.HOSO_DICHVU (MAKB,MADV,NGAY,NGUOI_TH) values (32,96,to_date('01-FEB-20','DD-MON-RR'),66);
Insert into HOSPITAL_MANAGE.HOSO_DICHVU (MAKB,MADV,NGAY,NGUOI_TH) values (33,82,to_date('02-FEB-20','DD-MON-RR'),77);
Insert into HOSPITAL_MANAGE.HOSO_DICHVU (MAKB,MADV,NGAY,NGUOI_TH) values (34,84,to_date('03-FEB-20','DD-MON-RR'),73);
Insert into HOSPITAL_MANAGE.HOSO_DICHVU (MAKB,MADV,NGAY,NGUOI_TH) values (35,37,to_date('04-FEB-20','DD-MON-RR'),61);
Insert into HOSPITAL_MANAGE.HOSO_DICHVU (MAKB,MADV,NGAY,NGUOI_TH) values (36,70,to_date('05-FEB-20','DD-MON-RR'),59);
Insert into HOSPITAL_MANAGE.HOSO_DICHVU (MAKB,MADV,NGAY,NGUOI_TH) values (37,10,to_date('06-FEB-20','DD-MON-RR'),53);
Insert into HOSPITAL_MANAGE.HOSO_DICHVU (MAKB,MADV,NGAY,NGUOI_TH) values (38,18,to_date('07-FEB-20','DD-MON-RR'),68);
Insert into HOSPITAL_MANAGE.HOSO_DICHVU (MAKB,MADV,NGAY,NGUOI_TH) values (39,27,to_date('08-FEB-20','DD-MON-RR'),56);
Insert into HOSPITAL_MANAGE.HOSO_DICHVU (MAKB,MADV,NGAY,NGUOI_TH) values (40,13,to_date('09-FEB-20','DD-MON-RR'),61);
Insert into HOSPITAL_MANAGE.HOSO_DICHVU (MAKB,MADV,NGAY,NGUOI_TH) values (41,95,to_date('10-FEB-20','DD-MON-RR'),54);
Insert into HOSPITAL_MANAGE.HOSO_DICHVU (MAKB,MADV,NGAY,NGUOI_TH) values (42,48,to_date('11-FEB-20','DD-MON-RR'),76);
Insert into HOSPITAL_MANAGE.HOSO_DICHVU (MAKB,MADV,NGAY,NGUOI_TH) values (43,3,to_date('12-FEB-20','DD-MON-RR'),73);
Insert into HOSPITAL_MANAGE.HOSO_DICHVU (MAKB,MADV,NGAY,NGUOI_TH) values (44,48,to_date('13-FEB-20','DD-MON-RR'),56);
Insert into HOSPITAL_MANAGE.HOSO_DICHVU (MAKB,MADV,NGAY,NGUOI_TH) values (45,63,to_date('14-FEB-20','DD-MON-RR'),72);
Insert into HOSPITAL_MANAGE.HOSO_DICHVU (MAKB,MADV,NGAY,NGUOI_TH) values (46,9,to_date('15-FEB-20','DD-MON-RR'),60);
Insert into HOSPITAL_MANAGE.HOSO_DICHVU (MAKB,MADV,NGAY,NGUOI_TH) values (47,41,to_date('16-FEB-20','DD-MON-RR'),60);
Insert into HOSPITAL_MANAGE.HOSO_DICHVU (MAKB,MADV,NGAY,NGUOI_TH) values (48,19,to_date('17-FEB-20','DD-MON-RR'),63);
Insert into HOSPITAL_MANAGE.HOSO_DICHVU (MAKB,MADV,NGAY,NGUOI_TH) values (49,3,to_date('18-FEB-20','DD-MON-RR'),51);
Insert into HOSPITAL_MANAGE.HOSO_DICHVU (MAKB,MADV,NGAY,NGUOI_TH) values (50,94,to_date('19-FEB-20','DD-MON-RR'),77);
Insert into HOSPITAL_MANAGE.HOSO_DICHVU (MAKB,MADV,NGAY,NGUOI_TH) values (51,82,to_date('20-FEB-20','DD-MON-RR'),69);
Insert into HOSPITAL_MANAGE.HOSO_DICHVU (MAKB,MADV,NGAY,NGUOI_TH) values (52,10,to_date('21-FEB-20','DD-MON-RR'),58);
Insert into HOSPITAL_MANAGE.HOSO_DICHVU (MAKB,MADV,NGAY,NGUOI_TH) values (53,8,to_date('22-FEB-20','DD-MON-RR'),68);
Insert into HOSPITAL_MANAGE.HOSO_DICHVU (MAKB,MADV,NGAY,NGUOI_TH) values (54,10,to_date('23-FEB-20','DD-MON-RR'),52);
Insert into HOSPITAL_MANAGE.HOSO_DICHVU (MAKB,MADV,NGAY,NGUOI_TH) values (55,81,to_date('24-FEB-20','DD-MON-RR'),50);
Insert into HOSPITAL_MANAGE.HOSO_DICHVU (MAKB,MADV,NGAY,NGUOI_TH) values (56,13,to_date('25-FEB-20','DD-MON-RR'),55);
Insert into HOSPITAL_MANAGE.HOSO_DICHVU (MAKB,MADV,NGAY,NGUOI_TH) values (57,34,to_date('26-FEB-20','DD-MON-RR'),63);
Insert into HOSPITAL_MANAGE.HOSO_DICHVU (MAKB,MADV,NGAY,NGUOI_TH) values (58,73,to_date('27-FEB-20','DD-MON-RR'),72);
Insert into HOSPITAL_MANAGE.HOSO_DICHVU (MAKB,MADV,NGAY,NGUOI_TH) values (59,72,to_date('28-FEB-20','DD-MON-RR'),68);
Insert into HOSPITAL_MANAGE.HOSO_DICHVU (MAKB,MADV,NGAY,NGUOI_TH) values (60,40,to_date('29-FEB-20','DD-MON-RR'),75);
Insert into HOSPITAL_MANAGE.HOSO_DICHVU (MAKB,MADV,NGAY,NGUOI_TH) values (61,61,to_date('01-MAR-20','DD-MON-RR'),59);
Insert into HOSPITAL_MANAGE.HOSO_DICHVU (MAKB,MADV,NGAY,NGUOI_TH) values (62,80,to_date('02-MAR-20','DD-MON-RR'),55);
Insert into HOSPITAL_MANAGE.HOSO_DICHVU (MAKB,MADV,NGAY,NGUOI_TH) values (63,33,to_date('03-MAR-20','DD-MON-RR'),71);
Insert into HOSPITAL_MANAGE.HOSO_DICHVU (MAKB,MADV,NGAY,NGUOI_TH) values (64,39,to_date('04-MAR-20','DD-MON-RR'),62);
Insert into HOSPITAL_MANAGE.HOSO_DICHVU (MAKB,MADV,NGAY,NGUOI_TH) values (65,62,to_date('05-MAR-20','DD-MON-RR'),55);
Insert into HOSPITAL_MANAGE.HOSO_DICHVU (MAKB,MADV,NGAY,NGUOI_TH) values (66,15,to_date('06-MAR-20','DD-MON-RR'),70);
Insert into HOSPITAL_MANAGE.HOSO_DICHVU (MAKB,MADV,NGAY,NGUOI_TH) values (67,59,to_date('07-MAR-20','DD-MON-RR'),67);
Insert into HOSPITAL_MANAGE.HOSO_DICHVU (MAKB,MADV,NGAY,NGUOI_TH) values (68,86,to_date('08-MAR-20','DD-MON-RR'),72);
Insert into HOSPITAL_MANAGE.HOSO_DICHVU (MAKB,MADV,NGAY,NGUOI_TH) values (69,6,to_date('09-MAR-20','DD-MON-RR'),58);
Insert into HOSPITAL_MANAGE.HOSO_DICHVU (MAKB,MADV,NGAY,NGUOI_TH) values (70,72,to_date('10-MAR-20','DD-MON-RR'),52);
Insert into HOSPITAL_MANAGE.HOSO_DICHVU (MAKB,MADV,NGAY,NGUOI_TH) values (71,5,to_date('11-MAR-20','DD-MON-RR'),56);
Insert into HOSPITAL_MANAGE.HOSO_DICHVU (MAKB,MADV,NGAY,NGUOI_TH) values (72,47,to_date('12-MAR-20','DD-MON-RR'),68);
Insert into HOSPITAL_MANAGE.HOSO_DICHVU (MAKB,MADV,NGAY,NGUOI_TH) values (73,40,to_date('13-MAR-20','DD-MON-RR'),71);
Insert into HOSPITAL_MANAGE.HOSO_DICHVU (MAKB,MADV,NGAY,NGUOI_TH) values (74,12,to_date('14-MAR-20','DD-MON-RR'),54);
Insert into HOSPITAL_MANAGE.HOSO_DICHVU (MAKB,MADV,NGAY,NGUOI_TH) values (75,41,to_date('15-MAR-20','DD-MON-RR'),78);
Insert into HOSPITAL_MANAGE.HOSO_DICHVU (MAKB,MADV,NGAY,NGUOI_TH) values (76,32,to_date('16-MAR-20','DD-MON-RR'),65);
Insert into HOSPITAL_MANAGE.HOSO_DICHVU (MAKB,MADV,NGAY,NGUOI_TH) values (77,51,to_date('17-MAR-20','DD-MON-RR'),54);
Insert into HOSPITAL_MANAGE.HOSO_DICHVU (MAKB,MADV,NGAY,NGUOI_TH) values (78,82,to_date('18-MAR-20','DD-MON-RR'),72);
Insert into HOSPITAL_MANAGE.HOSO_DICHVU (MAKB,MADV,NGAY,NGUOI_TH) values (79,28,to_date('19-MAR-20','DD-MON-RR'),74);
Insert into HOSPITAL_MANAGE.HOSO_DICHVU (MAKB,MADV,NGAY,NGUOI_TH) values (80,98,to_date('20-MAR-20','DD-MON-RR'),68);
Insert into HOSPITAL_MANAGE.HOSO_DICHVU (MAKB,MADV,NGAY,NGUOI_TH) values (81,80,to_date('21-MAR-20','DD-MON-RR'),59);
Insert into HOSPITAL_MANAGE.HOSO_DICHVU (MAKB,MADV,NGAY,NGUOI_TH) values (82,56,to_date('22-MAR-20','DD-MON-RR'),75);
Insert into HOSPITAL_MANAGE.HOSO_DICHVU (MAKB,MADV,NGAY,NGUOI_TH) values (83,20,to_date('23-MAR-20','DD-MON-RR'),63);
Insert into HOSPITAL_MANAGE.HOSO_DICHVU (MAKB,MADV,NGAY,NGUOI_TH) values (84,51,to_date('24-MAR-20','DD-MON-RR'),71);
Insert into HOSPITAL_MANAGE.HOSO_DICHVU (MAKB,MADV,NGAY,NGUOI_TH) values (85,49,to_date('25-MAR-20','DD-MON-RR'),56);
Insert into HOSPITAL_MANAGE.HOSO_DICHVU (MAKB,MADV,NGAY,NGUOI_TH) values (86,88,to_date('26-MAR-20','DD-MON-RR'),65);
Insert into HOSPITAL_MANAGE.HOSO_DICHVU (MAKB,MADV,NGAY,NGUOI_TH) values (87,41,to_date('27-MAR-20','DD-MON-RR'),64);
Insert into HOSPITAL_MANAGE.HOSO_DICHVU (MAKB,MADV,NGAY,NGUOI_TH) values (88,72,to_date('28-MAR-20','DD-MON-RR'),55);
Insert into HOSPITAL_MANAGE.HOSO_DICHVU (MAKB,MADV,NGAY,NGUOI_TH) values (89,33,to_date('29-MAR-20','DD-MON-RR'),50);
Insert into HOSPITAL_MANAGE.HOSO_DICHVU (MAKB,MADV,NGAY,NGUOI_TH) values (90,82,to_date('30-MAR-20','DD-MON-RR'),70);
Insert into HOSPITAL_MANAGE.HOSO_DICHVU (MAKB,MADV,NGAY,NGUOI_TH) values (91,100,to_date('31-MAR-20','DD-MON-RR'),59);
Insert into HOSPITAL_MANAGE.HOSO_DICHVU (MAKB,MADV,NGAY,NGUOI_TH) values (92,67,to_date('01-APR-20','DD-MON-RR'),72);
Insert into HOSPITAL_MANAGE.HOSO_DICHVU (MAKB,MADV,NGAY,NGUOI_TH) values (93,54,to_date('02-APR-20','DD-MON-RR'),69);
Insert into HOSPITAL_MANAGE.HOSO_DICHVU (MAKB,MADV,NGAY,NGUOI_TH) values (94,15,to_date('03-APR-20','DD-MON-RR'),67);
Insert into HOSPITAL_MANAGE.HOSO_DICHVU (MAKB,MADV,NGAY,NGUOI_TH) values (95,25,to_date('04-APR-20','DD-MON-RR'),55);
Insert into HOSPITAL_MANAGE.HOSO_DICHVU (MAKB,MADV,NGAY,NGUOI_TH) values (96,3,to_date('05-APR-20','DD-MON-RR'),79);
Insert into HOSPITAL_MANAGE.HOSO_DICHVU (MAKB,MADV,NGAY,NGUOI_TH) values (97,24,to_date('06-APR-20','DD-MON-RR'),50);
Insert into HOSPITAL_MANAGE.HOSO_DICHVU (MAKB,MADV,NGAY,NGUOI_TH) values (98,73,to_date('07-APR-20','DD-MON-RR'),65);
Insert into HOSPITAL_MANAGE.HOSO_DICHVU (MAKB,MADV,NGAY,NGUOI_TH) values (99,56,to_date('08-APR-20','DD-MON-RR'),66);
Insert into HOSPITAL_MANAGE.HOSO_DICHVU (MAKB,MADV,NGAY,NGUOI_TH) values (100,93,to_date('09-APR-20','DD-MON-RR'),53);
REM INSERTING into HOSPITAL_MANAGE.HOSOBN
SET DEFINE OFF;
Insert into HOSPITAL_MANAGE.HOSOBN (MAKB,MATT,MABS,MABN,NGAYKHAM,TINHTRANG,KETLUAN) values (1,50,92,37,to_date('01-JAN-20','DD-MON-RR'),'C·∫£m s·ªët', 'C·∫£m m·∫°o');
Insert into HOSPITAL_MANAGE.HOSOBN (MAKB,MATT,MABS,MABN,NGAYKHAM,TINHTRANG,KETLUAN) values (2,95,60,16,to_date('02-JAN-20','DD-MON-RR'),'ƒ?au b·ª•ng', 'ƒ?au d·∫° d√†y');
Insert into HOSPITAL_MANAGE.HOSOBN (MAKB,MATT,MABS,MABN,NGAYKHAM,TINHTRANG,KETLUAN) values (3,71,52,17,to_date('03-JAN-20','DD-MON-RR'),'ƒ?au ch√¢n', 'Vi√™m x∆∞∆°ng kh·ªõp');
Insert into HOSPITAL_MANAGE.HOSOBN (MAKB,MATT,MABS,MABN,NGAYKHAM,TINHTRANG,KETLUAN) values (4,60,64,65,to_date('04-JAN-20','DD-MON-RR'),'ƒ?au rƒÉng', 'S√¢u rƒÉng');
Insert into HOSPITAL_MANAGE.HOSOBN (MAKB,MATT,MABS,MABN,NGAYKHAM,TINHTRANG,KETLUAN) values (5,61,60,81,to_date('05-JAN-20','DD-MON-RR'),'Ch√≥ng m·∫∑t', 'R·ªëi lo·∫°n ti·ª?n ƒë√¨nh');
Insert into HOSPITAL_MANAGE.HOSOBN (MAKB,MATT,MABS,MABN,NGAYKHAM,TINHTRANG,KETLUAN) values (6,82,91,72,to_date('06-JAN-20','DD-MON-RR'),'Nh·ª©c ƒë·∫ßu', 'ƒ?au n·ª≠a ƒë·∫ßu');
Insert into HOSPITAL_MANAGE.HOSOBN (MAKB,MATT,MABS,MABN,NGAYKHAM,TINHTRANG,KETLUAN) values (7,56,97,23,to_date('07-JAN-20','DD-MON-RR'),'Ch·∫£y m√°u cam', 'Thi·∫øu vitamin C');
Insert into HOSPITAL_MANAGE.HOSOBN (MAKB,MATT,MABS,MABN,NGAYKHAM,TINHTRANG,KETLUAN) values (8,95,69,85,to_date('08-JAN-20','DD-MON-RR'),'Ho', 'Vi√™m h·ª?ng');
Insert into HOSPITAL_MANAGE.HOSOBN (MAKB,MATT,MABS,MABN,NGAYKHAM,TINHTRANG,KETLUAN) values (9,51,62,14,to_date('09-JAN-20','DD-MON-RR'),'C·∫£m s·ªët', 'C·∫£m m·∫°o');
Insert into HOSPITAL_MANAGE.HOSOBN (MAKB,MATT,MABS,MABN,NGAYKHAM,TINHTRANG,KETLUAN) values (10,52,56,57,to_date('10-JAN-20','DD-MON-RR'),'ƒ?au b·ª•ng', 'ƒ?au d·∫° d√†y');
Insert into HOSPITAL_MANAGE.HOSOBN (MAKB,MATT,MABS,MABN,NGAYKHAM,TINHTRANG,KETLUAN) values (11,66,63,76,to_date('11-JAN-20','DD-MON-RR'),'ƒ?au ch√¢n', 'Vi√™m x∆∞∆°ng kh·ªõp');
Insert into HOSPITAL_MANAGE.HOSOBN (MAKB,MATT,MABS,MABN,NGAYKHAM,TINHTRANG,KETLUAN) values (12,51,93,57,to_date('12-JAN-20','DD-MON-RR'),'ƒ?au rƒÉng', 'S√¢u rƒÉng');
Insert into HOSPITAL_MANAGE.HOSOBN (MAKB,MATT,MABS,MABN,NGAYKHAM,TINHTRANG,KETLUAN) values (13,87,72,22,to_date('13-JAN-20','DD-MON-RR'),'Ch√≥ng m·∫∑t', 'R·ªëi lo·∫°n ti·ª?n ƒë√¨nh');
Insert into HOSPITAL_MANAGE.HOSOBN (MAKB,MATT,MABS,MABN,NGAYKHAM,TINHTRANG,KETLUAN) values (14,71,60,81,to_date('14-JAN-20','DD-MON-RR'),'Nh·ª©c ƒë·∫ßu', 'ƒ?au n·ª≠a ƒë·∫ßu');
Insert into HOSPITAL_MANAGE.HOSOBN (MAKB,MATT,MABS,MABN,NGAYKHAM,TINHTRANG,KETLUAN) values (15,56,56,20,to_date('15-JAN-20','DD-MON-RR'),'Ch·∫£y m√°u cam', 'Thi·∫øu vitamin C');
Insert into HOSPITAL_MANAGE.HOSOBN (MAKB,MATT,MABS,MABN,NGAYKHAM,TINHTRANG,KETLUAN) values (16,58,69,83,to_date('16-JAN-20','DD-MON-RR'),'Ho', 'Vi√™m h·ª?ng');
Insert into HOSPITAL_MANAGE.HOSOBN (MAKB,MATT,MABS,MABN,NGAYKHAM,TINHTRANG,KETLUAN) values (17,84,73,85,to_date('17-JAN-20','DD-MON-RR'),'C·∫£m s·ªët', 'C·∫£m m·∫°o');
Insert into HOSPITAL_MANAGE.HOSOBN (MAKB,MATT,MABS,MABN,NGAYKHAM,TINHTRANG,KETLUAN) values (18,63,85,87,to_date('18-JAN-20','DD-MON-RR'),'ƒ?au b·ª•ng', 'ƒ?au d·∫° d√†y');
Insert into HOSPITAL_MANAGE.HOSOBN (MAKB,MATT,MABS,MABN,NGAYKHAM,TINHTRANG,KETLUAN) values (19,74,50,12,to_date('19-JAN-20','DD-MON-RR'),'ƒ?au ch√¢n', 'Vi√™m x∆∞∆°ng kh·ªõp');
Insert into HOSPITAL_MANAGE.HOSOBN (MAKB,MATT,MABS,MABN,NGAYKHAM,TINHTRANG,KETLUAN) values (20,61,90,65,to_date('20-JAN-20','DD-MON-RR'),'ƒ?au rƒÉng', 'S√¢u rƒÉng');
Insert into HOSPITAL_MANAGE.HOSOBN (MAKB,MATT,MABS,MABN,NGAYKHAM,TINHTRANG,KETLUAN) values (21,70,53,14,to_date('21-JAN-20','DD-MON-RR'),'Ch√≥ng m·∫∑t', 'R·ªëi lo·∫°n ti·ª?n ƒë√¨nh');
Insert into HOSPITAL_MANAGE.HOSOBN (MAKB,MATT,MABS,MABN,NGAYKHAM,TINHTRANG,KETLUAN) values (22,78,73,32,to_date('22-JAN-20','DD-MON-RR'),'Nh·ª©c ƒë·∫ßu', 'ƒ?au n·ª≠a ƒë·∫ßu');
Insert into HOSPITAL_MANAGE.HOSOBN (MAKB,MATT,MABS,MABN,NGAYKHAM,TINHTRANG,KETLUAN) values (23,95,72,20,to_date('23-JAN-20','DD-MON-RR'),'Ch·∫£y m√°u cam', 'Thi·∫øu vitamin C');
Insert into HOSPITAL_MANAGE.HOSOBN (MAKB,MATT,MABS,MABN,NGAYKHAM,TINHTRANG,KETLUAN) values (24,71,98,46,to_date('24-JAN-20','DD-MON-RR'),'Ho', 'Vi√™m h·ª?ng');
Insert into HOSPITAL_MANAGE.HOSOBN (MAKB,MATT,MABS,MABN,NGAYKHAM,TINHTRANG,KETLUAN) values (25,53,59,48,to_date('25-JAN-20','DD-MON-RR'),'C·∫£m s·ªët', 'C·∫£m m·∫°o');
Insert into HOSPITAL_MANAGE.HOSOBN (MAKB,MATT,MABS,MABN,NGAYKHAM,TINHTRANG,KETLUAN) values (26,81,99,62,to_date('26-JAN-20','DD-MON-RR'),'ƒ?au b·ª•ng', 'ƒ?au d·∫° d√†y');
Insert into HOSPITAL_MANAGE.HOSOBN (MAKB,MATT,MABS,MABN,NGAYKHAM,TINHTRANG,KETLUAN) values (27,61,97,37,to_date('27-JAN-20','DD-MON-RR'),'ƒ?au ch√¢n', 'Vi√™m x∆∞∆°ng kh·ªõp');
Insert into HOSPITAL_MANAGE.HOSOBN (MAKB,MATT,MABS,MABN,NGAYKHAM,TINHTRANG,KETLUAN) values (28,72,88,48,to_date('28-JAN-20','DD-MON-RR'),'ƒ?au rƒÉng', 'S√¢u rƒÉng');
Insert into HOSPITAL_MANAGE.HOSOBN (MAKB,MATT,MABS,MABN,NGAYKHAM,TINHTRANG,KETLUAN) values (29,50,65,56,to_date('29-JAN-20','DD-MON-RR'),'Ch√≥ng m·∫∑t', 'R·ªëi lo·∫°n ti·ª?n ƒë√¨nh');
Insert into HOSPITAL_MANAGE.HOSOBN (MAKB,MATT,MABS,MABN,NGAYKHAM,TINHTRANG,KETLUAN) values (30,63,75,62,to_date('30-JAN-20','DD-MON-RR'),'Nh·ª©c ƒë·∫ßu', 'ƒ?au n·ª≠a ƒë·∫ßu');
Insert into HOSPITAL_MANAGE.HOSOBN (MAKB,MATT,MABS,MABN,NGAYKHAM,TINHTRANG,KETLUAN) values (31,89,67,48,to_date('31-JAN-20','DD-MON-RR'),'Ch·∫£y m√°u cam', 'Thi·∫øu vitamin C');
Insert into HOSPITAL_MANAGE.HOSOBN (MAKB,MATT,MABS,MABN,NGAYKHAM,TINHTRANG,KETLUAN) values (32,54,93,59,to_date('01-FEB-20','DD-MON-RR'),'Ho', 'Vi√™m h·ª?ng');
Insert into HOSPITAL_MANAGE.HOSOBN (MAKB,MATT,MABS,MABN,NGAYKHAM,TINHTRANG,KETLUAN) values (33,60,67,5,to_date('02-FEB-20','DD-MON-RR'),'C·∫£m s·ªët', 'C·∫£m m·∫°o');
Insert into HOSPITAL_MANAGE.HOSOBN (MAKB,MATT,MABS,MABN,NGAYKHAM,TINHTRANG,KETLUAN) values (34,91,70,46,to_date('03-FEB-20','DD-MON-RR'),'ƒ?au b·ª•ng', 'ƒ?au d·∫° d√†y');
Insert into HOSPITAL_MANAGE.HOSOBN (MAKB,MATT,MABS,MABN,NGAYKHAM,TINHTRANG,KETLUAN) values (35,67,88,32,to_date('04-FEB-20','DD-MON-RR'),'ƒ?au ch√¢n', 'Vi√™m x∆∞∆°ng kh·ªõp');
Insert into HOSPITAL_MANAGE.HOSOBN (MAKB,MATT,MABS,MABN,NGAYKHAM,TINHTRANG,KETLUAN) values (36,54,78,57,to_date('05-FEB-20','DD-MON-RR'),'ƒ?au rƒÉng', 'S√¢u rƒÉng');
Insert into HOSPITAL_MANAGE.HOSOBN (MAKB,MATT,MABS,MABN,NGAYKHAM,TINHTRANG,KETLUAN) values (37,55,63,3,to_date('06-FEB-20','DD-MON-RR'),'Ch√≥ng m·∫∑t', 'R·ªëi lo·∫°n ti·ª?n ƒë√¨nh');
Insert into HOSPITAL_MANAGE.HOSOBN (MAKB,MATT,MABS,MABN,NGAYKHAM,TINHTRANG,KETLUAN) values (38,77,58,95,to_date('07-FEB-20','DD-MON-RR'),'Nh·ª©c ƒë·∫ßu', 'ƒ?au n·ª≠a ƒë·∫ßu');
Insert into HOSPITAL_MANAGE.HOSOBN (MAKB,MATT,MABS,MABN,NGAYKHAM,TINHTRANG,KETLUAN) values (39,92,72,35,to_date('08-FEB-20','DD-MON-RR'),'Ch·∫£y m√°u cam', 'Thi·∫øu vitamin C');
Insert into HOSPITAL_MANAGE.HOSOBN (MAKB,MATT,MABS,MABN,NGAYKHAM,TINHTRANG,KETLUAN) values (40,80,64,57,to_date('09-FEB-20','DD-MON-RR'),'Ho', 'Vi√™m h·ª?ng');
Insert into HOSPITAL_MANAGE.HOSOBN (MAKB,MATT,MABS,MABN,NGAYKHAM,TINHTRANG,KETLUAN) values (41,95,67,17,to_date('10-FEB-20','DD-MON-RR'),'C·∫£m s·ªët', 'C·∫£m m·∫°o');
Insert into HOSPITAL_MANAGE.HOSOBN (MAKB,MATT,MABS,MABN,NGAYKHAM,TINHTRANG,KETLUAN) values (42,59,95,75,to_date('11-FEB-20','DD-MON-RR'),'ƒ?au b·ª•ng', 'ƒ?au d·∫° d√†y');
Insert into HOSPITAL_MANAGE.HOSOBN (MAKB,MATT,MABS,MABN,NGAYKHAM,TINHTRANG,KETLUAN) values (43,77,70,11,to_date('12-FEB-20','DD-MON-RR'),'ƒ?au ch√¢n', 'Vi√™m x∆∞∆°ng kh·ªõp');
Insert into HOSPITAL_MANAGE.HOSOBN (MAKB,MATT,MABS,MABN,NGAYKHAM,TINHTRANG,KETLUAN) values (44,92,66,97,to_date('13-FEB-20','DD-MON-RR'),'ƒ?au rƒÉng', 'S√¢u rƒÉng');
Insert into HOSPITAL_MANAGE.HOSOBN (MAKB,MATT,MABS,MABN,NGAYKHAM,TINHTRANG,KETLUAN) values (45,75,74,81,to_date('14-FEB-20','DD-MON-RR'),'Ch√≥ng m·∫∑t', 'R·ªëi lo·∫°n ti·ª?n ƒë√¨nh');
Insert into HOSPITAL_MANAGE.HOSOBN (MAKB,MATT,MABS,MABN,NGAYKHAM,TINHTRANG,KETLUAN) values (46,55,66,22,to_date('15-FEB-20','DD-MON-RR'),'Nh·ª©c ƒë·∫ßu', 'ƒ?au n·ª≠a ƒë·∫ßu');
Insert into HOSPITAL_MANAGE.HOSOBN (MAKB,MATT,MABS,MABN,NGAYKHAM,TINHTRANG,KETLUAN) values (47,62,57,18,to_date('16-FEB-20','DD-MON-RR'),'Ch·∫£y m√°u cam', 'Thi·∫øu vitamin C');
Insert into HOSPITAL_MANAGE.HOSOBN (MAKB,MATT,MABS,MABN,NGAYKHAM,TINHTRANG,KETLUAN) values (48,65,80,27,to_date('17-FEB-20','DD-MON-RR'),'Ho', 'Vi√™m h·ª?ng');
Insert into HOSPITAL_MANAGE.HOSOBN (MAKB,MATT,MABS,MABN,NGAYKHAM,TINHTRANG,KETLUAN) values (49,80,63,52,to_date('18-FEB-20','DD-MON-RR'),'C·∫£m s·ªët', 'C·∫£m m·∫°o');
Insert into HOSPITAL_MANAGE.HOSOBN (MAKB,MATT,MABS,MABN,NGAYKHAM,TINHTRANG,KETLUAN) values (50,61,56,12,to_date('19-FEB-20','DD-MON-RR'),'ƒ?au b·ª•ng', 'ƒ?au d·∫° d√†y');
Insert into HOSPITAL_MANAGE.HOSOBN (MAKB,MATT,MABS,MABN,NGAYKHAM,TINHTRANG,KETLUAN) values (51,55,86,3,to_date('20-FEB-20','DD-MON-RR'),'ƒ?au ch√¢n', 'Vi√™m x∆∞∆°ng kh·ªõp');
Insert into HOSPITAL_MANAGE.HOSOBN (MAKB,MATT,MABS,MABN,NGAYKHAM,TINHTRANG,KETLUAN) values (52,83,51,91,to_date('21-FEB-20','DD-MON-RR'),'ƒ?au rƒÉng', 'S√¢u rƒÉng');
Insert into HOSPITAL_MANAGE.HOSOBN (MAKB,MATT,MABS,MABN,NGAYKHAM,TINHTRANG,KETLUAN) values (53,71,62,86,to_date('22-FEB-20','DD-MON-RR'),'Ch√≥ng m·∫∑t', 'R·ªëi lo·∫°n ti·ª?n ƒë√¨nh');
Insert into HOSPITAL_MANAGE.HOSOBN (MAKB,MATT,MABS,MABN,NGAYKHAM,TINHTRANG,KETLUAN) values (54,91,83,23,to_date('23-FEB-20','DD-MON-RR'),'Nh·ª©c ƒë·∫ßu', 'ƒ?au n·ª≠a ƒë·∫ßu');
Insert into HOSPITAL_MANAGE.HOSOBN (MAKB,MATT,MABS,MABN,NGAYKHAM,TINHTRANG,KETLUAN) values (55,65,91,65,to_date('24-FEB-20','DD-MON-RR'),'Ch·∫£y m√°u cam', 'Thi·∫øu vitamin C');
Insert into HOSPITAL_MANAGE.HOSOBN (MAKB,MATT,MABS,MABN,NGAYKHAM,TINHTRANG,KETLUAN) values (56,70,75,51,to_date('25-FEB-20','DD-MON-RR'),'Ho', 'Vi√™m h·ª?ng');
Insert into HOSPITAL_MANAGE.HOSOBN (MAKB,MATT,MABS,MABN,NGAYKHAM,TINHTRANG,KETLUAN) values (57,88,70,94,to_date('26-FEB-20','DD-MON-RR'),'C·∫£m s·ªët', 'C·∫£m m·∫°o');
Insert into HOSPITAL_MANAGE.HOSOBN (MAKB,MATT,MABS,MABN,NGAYKHAM,TINHTRANG,KETLUAN) values (58,92,96,36,to_date('27-FEB-20','DD-MON-RR'),'ƒ?au b·ª•ng', 'ƒ?au d·∫° d√†y');
Insert into HOSPITAL_MANAGE.HOSOBN (MAKB,MATT,MABS,MABN,NGAYKHAM,TINHTRANG,KETLUAN) values (59,99,74,88,to_date('28-FEB-20','DD-MON-RR'),'ƒ?au ch√¢n', 'Vi√™m x∆∞∆°ng kh·ªõp');
Insert into HOSPITAL_MANAGE.HOSOBN (MAKB,MATT,MABS,MABN,NGAYKHAM,TINHTRANG,KETLUAN) values (60,78,84,81,to_date('29-FEB-20','DD-MON-RR'),'ƒ?au rƒÉng', 'S√¢u rƒÉng');
Insert into HOSPITAL_MANAGE.HOSOBN (MAKB,MATT,MABS,MABN,NGAYKHAM,TINHTRANG,KETLUAN) values (61,92,84,30,to_date('01-MAR-20','DD-MON-RR'),'Ch√≥ng m·∫∑t', 'R·ªëi lo·∫°n ti·ª?n ƒë√¨nh');
Insert into HOSPITAL_MANAGE.HOSOBN (MAKB,MATT,MABS,MABN,NGAYKHAM,TINHTRANG,KETLUAN) values (62,89,57,42,to_date('02-MAR-20','DD-MON-RR'),'Nh·ª©c ƒë·∫ßu', 'ƒ?au n·ª≠a ƒë·∫ßu');
Insert into HOSPITAL_MANAGE.HOSOBN (MAKB,MATT,MABS,MABN,NGAYKHAM,TINHTRANG,KETLUAN) values (63,86,77,80,to_date('03-MAR-20','DD-MON-RR'),'Ch·∫£y m√°u cam', 'Thi·∫øu vitamin C');
Insert into HOSPITAL_MANAGE.HOSOBN (MAKB,MATT,MABS,MABN,NGAYKHAM,TINHTRANG,KETLUAN) values (64,54,59,13,to_date('04-MAR-20','DD-MON-RR'),'Ho', 'Vi√™m h·ª?ng');
Insert into HOSPITAL_MANAGE.HOSOBN (MAKB,MATT,MABS,MABN,NGAYKHAM,TINHTRANG,KETLUAN) values (65,69,65,14,to_date('05-MAR-20','DD-MON-RR'),'C·∫£m s·ªët', 'C·∫£m m·∫°o');
Insert into HOSPITAL_MANAGE.HOSOBN (MAKB,MATT,MABS,MABN,NGAYKHAM,TINHTRANG,KETLUAN) values (66,65,57,68,to_date('06-MAR-20','DD-MON-RR'),'ƒ?au b·ª•ng', 'ƒ?au d·∫° d√†y');
Insert into HOSPITAL_MANAGE.HOSOBN (MAKB,MATT,MABS,MABN,NGAYKHAM,TINHTRANG,KETLUAN) values (67,83,80,22,to_date('07-MAR-20','DD-MON-RR'),'ƒ?au ch√¢n', 'Vi√™m x∆∞∆°ng kh·ªõp');
Insert into HOSPITAL_MANAGE.HOSOBN (MAKB,MATT,MABS,MABN,NGAYKHAM,TINHTRANG,KETLUAN) values (68,55,98,96,to_date('08-MAR-20','DD-MON-RR'),'ƒ?au rƒÉng', 'S√¢u rƒÉng');
Insert into HOSPITAL_MANAGE.HOSOBN (MAKB,MATT,MABS,MABN,NGAYKHAM,TINHTRANG,KETLUAN) values (69,66,76,63,to_date('09-MAR-20','DD-MON-RR'),'Ch√≥ng m·∫∑t', 'R·ªëi lo·∫°n ti·ª?n ƒë√¨nh');
Insert into HOSPITAL_MANAGE.HOSOBN (MAKB,MATT,MABS,MABN,NGAYKHAM,TINHTRANG,KETLUAN) values (70,66,71,69,to_date('10-MAR-20','DD-MON-RR'),'Nh·ª©c ƒë·∫ßu', 'ƒ?au n·ª≠a ƒë·∫ßu');
Insert into HOSPITAL_MANAGE.HOSOBN (MAKB,MATT,MABS,MABN,NGAYKHAM,TINHTRANG,KETLUAN) values (71,59,77,27,to_date('11-MAR-20','DD-MON-RR'),'Ch·∫£y m√°u cam', 'Thi·∫øu vitamin C');
Insert into HOSPITAL_MANAGE.HOSOBN (MAKB,MATT,MABS,MABN,NGAYKHAM,TINHTRANG,KETLUAN) values (72,67,63,50,to_date('12-MAR-20','DD-MON-RR'),'Ho', 'Vi√™m h·ª?ng');
Insert into HOSPITAL_MANAGE.HOSOBN (MAKB,MATT,MABS,MABN,NGAYKHAM,TINHTRANG,KETLUAN) values (73,90,74,18,to_date('13-MAR-20','DD-MON-RR'),'C·∫£m s·ªët', 'C·∫£m m·∫°o');
Insert into HOSPITAL_MANAGE.HOSOBN (MAKB,MATT,MABS,MABN,NGAYKHAM,TINHTRANG,KETLUAN) values (74,61,60,22,to_date('14-MAR-20','DD-MON-RR'),'ƒ?au b·ª•ng', 'ƒ?au d·∫° d√†y');
Insert into HOSPITAL_MANAGE.HOSOBN (MAKB,MATT,MABS,MABN,NGAYKHAM,TINHTRANG,KETLUAN) values (75,57,54,51,to_date('15-MAR-20','DD-MON-RR'),'ƒ?au ch√¢n', 'Vi√™m x∆∞∆°ng kh·ªõp');
Insert into HOSPITAL_MANAGE.HOSOBN (MAKB,MATT,MABS,MABN,NGAYKHAM,TINHTRANG,KETLUAN) values (76,77,56,58,to_date('16-MAR-20','DD-MON-RR'),'ƒ?au rƒÉng', 'S√¢u rƒÉng');
Insert into HOSPITAL_MANAGE.HOSOBN (MAKB,MATT,MABS,MABN,NGAYKHAM,TINHTRANG,KETLUAN) values (77,93,60,86,to_date('17-MAR-20','DD-MON-RR'),'Ch√≥ng m·∫∑t', 'R·ªëi lo·∫°n ti·ª?n ƒë√¨nh');
Insert into HOSPITAL_MANAGE.HOSOBN (MAKB,MATT,MABS,MABN,NGAYKHAM,TINHTRANG,KETLUAN) values (78,70,97,92,to_date('18-MAR-20','DD-MON-RR'),'Nh·ª©c ƒë·∫ßu', 'ƒ?au n·ª≠a ƒë·∫ßu');
Insert into HOSPITAL_MANAGE.HOSOBN (MAKB,MATT,MABS,MABN,NGAYKHAM,TINHTRANG,KETLUAN) values (79,52,82,93,to_date('19-MAR-20','DD-MON-RR'),'Ch·∫£y m√°u cam', 'Thi·∫øu vitamin C');
Insert into HOSPITAL_MANAGE.HOSOBN (MAKB,MATT,MABS,MABN,NGAYKHAM,TINHTRANG,KETLUAN) values (80,99,97,88,to_date('20-MAR-20','DD-MON-RR'),'Ho', 'Vi√™m h·ª?ng');
Insert into HOSPITAL_MANAGE.HOSOBN (MAKB,MATT,MABS,MABN,NGAYKHAM,TINHTRANG,KETLUAN) values (81,52,74,19,to_date('21-MAR-20','DD-MON-RR'),'C·∫£m s·ªët', 'C·∫£m m·∫°o');
Insert into HOSPITAL_MANAGE.HOSOBN (MAKB,MATT,MABS,MABN,NGAYKHAM,TINHTRANG,KETLUAN) values (82,77,95,43,to_date('22-MAR-20','DD-MON-RR'),'ƒ?au b·ª•ng', 'ƒ?au d·∫° d√†y');
Insert into HOSPITAL_MANAGE.HOSOBN (MAKB,MATT,MABS,MABN,NGAYKHAM,TINHTRANG,KETLUAN) values (83,65,50,86,to_date('23-MAR-20','DD-MON-RR'),'ƒ?au ch√¢n', 'Vi√™m x∆∞∆°ng kh·ªõp');
Insert into HOSPITAL_MANAGE.HOSOBN (MAKB,MATT,MABS,MABN,NGAYKHAM,TINHTRANG,KETLUAN) values (84,85,76,19,to_date('24-MAR-20','DD-MON-RR'),'ƒ?au rƒÉng', 'S√¢u rƒÉng');
Insert into HOSPITAL_MANAGE.HOSOBN (MAKB,MATT,MABS,MABN,NGAYKHAM,TINHTRANG,KETLUAN) values (85,90,82,23,to_date('25-MAR-20','DD-MON-RR'),'Ch√≥ng m·∫∑t', 'R·ªëi lo·∫°n ti·ª?n ƒë√¨nh');
Insert into HOSPITAL_MANAGE.HOSOBN (MAKB,MATT,MABS,MABN,NGAYKHAM,TINHTRANG,KETLUAN) values (86,70,52,34,to_date('26-MAR-20','DD-MON-RR'),'Nh·ª©c ƒë·∫ßu', 'ƒ?au n·ª≠a ƒë·∫ßu');
Insert into HOSPITAL_MANAGE.HOSOBN (MAKB,MATT,MABS,MABN,NGAYKHAM,TINHTRANG,KETLUAN) values (87,68,81,72,to_date('27-MAR-20','DD-MON-RR'),'Ch·∫£y m√°u cam', 'Thi·∫øu vitamin C');
Insert into HOSPITAL_MANAGE.HOSOBN (MAKB,MATT,MABS,MABN,NGAYKHAM,TINHTRANG,KETLUAN) values (88,73,96,6,to_date('28-MAR-20','DD-MON-RR'),'Ho', 'Vi√™m h·ª?ng');
Insert into HOSPITAL_MANAGE.HOSOBN (MAKB,MATT,MABS,MABN,NGAYKHAM,TINHTRANG,KETLUAN) values (89,56,78,99,to_date('29-MAR-20','DD-MON-RR'),'C·∫£m s·ªët', 'C·∫£m m·∫°o');
Insert into HOSPITAL_MANAGE.HOSOBN (MAKB,MATT,MABS,MABN,NGAYKHAM,TINHTRANG,KETLUAN) values (90,53,78,61,to_date('30-MAR-20','DD-MON-RR'),'ƒ?au b·ª•ng', 'ƒ?au d·∫° d√†y');
Insert into HOSPITAL_MANAGE.HOSOBN (MAKB,MATT,MABS,MABN,NGAYKHAM,TINHTRANG,KETLUAN) values (91,57,79,89,to_date('31-MAR-20','DD-MON-RR'),'ƒ?au ch√¢n', 'Vi√™m x∆∞∆°ng kh·ªõp');
Insert into HOSPITAL_MANAGE.HOSOBN (MAKB,MATT,MABS,MABN,NGAYKHAM,TINHTRANG,KETLUAN) values (92,64,57,43,to_date('01-APR-20','DD-MON-RR'),'ƒ?au rƒÉng', 'S√¢u rƒÉng');
Insert into HOSPITAL_MANAGE.HOSOBN (MAKB,MATT,MABS,MABN,NGAYKHAM,TINHTRANG,KETLUAN) values (93,89,81,26,to_date('02-APR-20','DD-MON-RR'),'Ch√≥ng m·∫∑t', 'R·ªëi lo·∫°n ti·ª?n ƒë√¨nh');
Insert into HOSPITAL_MANAGE.HOSOBN (MAKB,MATT,MABS,MABN,NGAYKHAM,TINHTRANG,KETLUAN) values (94,52,79,80,to_date('03-APR-20','DD-MON-RR'),'Nh·ª©c ƒë·∫ßu', 'ƒ?au n·ª≠a ƒë·∫ßu');
Insert into HOSPITAL_MANAGE.HOSOBN (MAKB,MATT,MABS,MABN,NGAYKHAM,TINHTRANG,KETLUAN) values (95,53,53,37,to_date('04-APR-20','DD-MON-RR'),'Ch·∫£y m√°u cam', 'Thi·∫øu vitamin C');
Insert into HOSPITAL_MANAGE.HOSOBN (MAKB,MATT,MABS,MABN,NGAYKHAM,TINHTRANG,KETLUAN) values (96,67,81,25,to_date('05-APR-20','DD-MON-RR'),'Ho', 'Vi√™m h·ª?ng');
Insert into HOSPITAL_MANAGE.HOSOBN (MAKB,MATT,MABS,MABN,NGAYKHAM,TINHTRANG,KETLUAN) values (97,59,77,70,to_date('06-APR-20','DD-MON-RR'),'C·∫£m s·ªët', 'C·∫£m m·∫°o');
Insert into HOSPITAL_MANAGE.HOSOBN (MAKB,MATT,MABS,MABN,NGAYKHAM,TINHTRANG,KETLUAN) values (98,59,76,89,to_date('07-APR-20','DD-MON-RR'),'ƒ?au b·ª•ng', 'ƒ?au d·∫° d√†y');
Insert into HOSPITAL_MANAGE.HOSOBN (MAKB,MATT,MABS,MABN,NGAYKHAM,TINHTRANG,KETLUAN) values (99,92,53,16,to_date('08-APR-20','DD-MON-RR'),'ƒ?au ch√¢n', 'Vi√™m x∆∞∆°ng kh·ªõp');
Insert into HOSPITAL_MANAGE.HOSOBN (MAKB,MATT,MABS,MABN,NGAYKHAM,TINHTRANG,KETLUAN) values (100,55,88,79,to_date('09-APR-20','DD-MON-RR'),'ƒ?au rƒÉng', 'S√¢u rƒÉng');
REM INSERTING into HOSPITAL_MANAGE.NHANVIEN
SET DEFINE OFF;
Insert into HOSPITAL_MANAGE.NHANVIEN (MANV,HOTEN,LUONG,VAITRO,DONVI,OLS_NHANVIEN) values (1,'TTr?n V?n ?n',30000000,'T?ng Gi·m ??c',1,410);
Insert into HOSPITAL_MANAGE.NHANVIEN (MANV,HOTEN,LUONG,VAITRO,DONVI,OLS_NHANVIEN) values (2,'NNguy?n Tr??ng Giang',29800000,'Gi·m ??c chi nh·nh',1,311);
Insert into HOSPITAL_MANAGE.NHANVIEN (MANV,HOTEN,LUONG,VAITRO,DONVI,OLS_NHANVIEN) values (3,'QQu·ch Ng?c Luy?n',29600000,'Gi·m ??c chi nh·nh',2,312);
Insert into HOSPITAL_MANAGE.NHANVIEN (MANV,HOTEN,LUONG,VAITRO,DONVI,OLS_NHANVIEN) values (4,'??‡o Th? H??ng',29400000,'Gi·m ??c chi nh·nh',3,313);
Insert into HOSPITAL_MANAGE.NHANVIEN (MANV,HOTEN,LUONG,VAITRO,DONVI,OLS_NHANVIEN) values (5,'TTr?n Th? Kim Anh',29200000,'Qu?n lÌ TNNS',1,201);
Insert into HOSPITAL_MANAGE.NHANVIEN (MANV,HOTEN,LUONG,VAITRO,DONVI,OLS_NHANVIEN) values (6,'NNguy?n Th? Oanh',29000000,'Qu?n lÌ TV',1,201);
Insert into HOSPITAL_MANAGE.NHANVIEN (MANV,HOTEN,LUONG,VAITRO,DONVI,OLS_NHANVIEN) values (7,'LL‚m Th? Nga',28800000,'Qu?n lÌ CM',1,201);
Insert into HOSPITAL_MANAGE.NHANVIEN (MANV,HOTEN,LUONG,VAITRO,DONVI,OLS_NHANVIEN) values (8,'NNguy?n Th? BÌch Thu?',28600000,'Qu?n lÌ TNNS',1,201);
Insert into HOSPITAL_MANAGE.NHANVIEN (MANV,HOTEN,LUONG,VAITRO,DONVI,OLS_NHANVIEN) values (9,'???ng Thu Hi?n',28400000,'Qu?n lÌ TV',1,201);
Insert into HOSPITAL_MANAGE.NHANVIEN (MANV,HOTEN,LUONG,VAITRO,DONVI,OLS_NHANVIEN) values (10,'?‡o Th? Huy?n Trang',28200000,'Qu?n lÌ TNNS',2,202);
Insert into HOSPITAL_MANAGE.NHANVIEN (MANV,HOTEN,LUONG,VAITRO,DONVI,OLS_NHANVIEN) values (11,'Nguy?n Ng?c Th?ng',28000000,'Qu?n lÌ TV',2,202);
Insert into HOSPITAL_MANAGE.NHANVIEN (MANV,HOTEN,LUONG,VAITRO,DONVI,OLS_NHANVIEN) values (12,'Nguy?n Anh Trung',27800000,'Qu?n lÌ TV',2,202);
Insert into HOSPITAL_MANAGE.NHANVIEN (MANV,HOTEN,LUONG,VAITRO,DONVI,OLS_NHANVIEN) values (13,'Nguy?n T??ng LiÍn',27600000,'Qu?n lÌ CM',2,202);
Insert into HOSPITAL_MANAGE.NHANVIEN (MANV,HOTEN,LUONG,VAITRO,DONVI,OLS_NHANVIEN) values (14,'LÍ Ng?c Th??ng',27400000,'Qu?n lÌ CM',2,202);
Insert into HOSPITAL_MANAGE.NHANVIEN (MANV,HOTEN,LUONG,VAITRO,DONVI,OLS_NHANVIEN) values (15,'PhÚng Kinh doanh',27200000,'Qu?n lÌ CM',2,202);
Insert into HOSPITAL_MANAGE.NHANVIEN (MANV,HOTEN,LUONG,VAITRO,DONVI,OLS_NHANVIEN) values (16,'?? Anh V?',27000000,'Qu?n lÌ TNNS',3,203);
Insert into HOSPITAL_MANAGE.NHANVIEN (MANV,HOTEN,LUONG,VAITRO,DONVI,OLS_NHANVIEN) values (17,'?inh Anh Tu?n',26800000,'Qu?n lÌ TNNS',3,203);
Insert into HOSPITAL_MANAGE.NHANVIEN (MANV,HOTEN,LUONG,VAITRO,DONVI,OLS_NHANVIEN) values (18,'Nguy?n Th? C??ng',26600000,'Qu?n lÌ TV',3,203);
Insert into HOSPITAL_MANAGE.NHANVIEN (MANV,HOTEN,LUONG,VAITRO,DONVI,OLS_NHANVIEN) values (19,'Tr?n Th? Nh??ng',26400000,'Qu?n lÌ TV',3,203);
Insert into HOSPITAL_MANAGE.NHANVIEN (MANV,HOTEN,LUONG,VAITRO,DONVI,OLS_NHANVIEN) values (20,'LÍ Th? Dung',26200000,'Qu?n lÌ CM',3,203);
Insert into HOSPITAL_MANAGE.NHANVIEN (MANV,HOTEN,LUONG,VAITRO,DONVI,OLS_NHANVIEN) values (21,'T?ng Th? Nhung',26000000,'Qu?n lÌ CM',3,203);
Insert into HOSPITAL_MANAGE.NHANVIEN (MANV,HOTEN,LUONG,VAITRO,DONVI,OLS_NHANVIEN) values (22,'V? Th? Thu? Anh',25800000,'?i?u ph?i',1,201);
Insert into HOSPITAL_MANAGE.NHANVIEN (MANV,HOTEN,LUONG,VAITRO,DONVI,OLS_NHANVIEN) values (23,'Ho‡ng M?nh H˘ng',25600000,'?i?u ph?i',1,201);
Insert into HOSPITAL_MANAGE.NHANVIEN (MANV,HOTEN,LUONG,VAITRO,DONVI,OLS_NHANVIEN) values (24,'B˘i BÌch Ph??ng',25400000,'?i?u ph?i',2,202);
Insert into HOSPITAL_MANAGE.NHANVIEN (MANV,HOTEN,LUONG,VAITRO,DONVI,OLS_NHANVIEN) values (25,'Nguy?n Ki?u Nga',25200000,'?i?u ph?i',2,202);
Insert into HOSPITAL_MANAGE.NHANVIEN (MANV,HOTEN,LUONG,VAITRO,DONVI,OLS_NHANVIEN) values (26,'LÍ LiÍn H??ng',25000000,'?i?u ph?i',3,203);
Insert into HOSPITAL_MANAGE.NHANVIEN (MANV,HOTEN,LUONG,VAITRO,DONVI,OLS_NHANVIEN) values (27,'Nguy?n Th? Trang',24800000,'?i?u ph?i',3,203);
Insert into HOSPITAL_MANAGE.NHANVIEN (MANV,HOTEN,LUONG,VAITRO,DONVI,OLS_NHANVIEN) values (28,'Nguy?n Thu Trang',24600000,'NV t‡i v?',1,201);
Insert into HOSPITAL_MANAGE.NHANVIEN (MANV,HOTEN,LUONG,VAITRO,DONVI,OLS_NHANVIEN) values (29,'Cao Th? Ph??ng',24400000,'NV t‡i v?',1,201);
Insert into HOSPITAL_MANAGE.NHANVIEN (MANV,HOTEN,LUONG,VAITRO,DONVI,OLS_NHANVIEN) values (30,'Nguy?n H??ng Giang',24200000,'NV t‡i v?',2,202);
Insert into HOSPITAL_MANAGE.NHANVIEN (MANV,HOTEN,LUONG,VAITRO,DONVI,OLS_NHANVIEN) values (31,'Nguy?n Th? BÌch H?nh',24000000,'NV t‡i v?',2,202);
Insert into HOSPITAL_MANAGE.NHANVIEN (MANV,HOTEN,LUONG,VAITRO,DONVI,OLS_NHANVIEN) values (32,'Nguy?n Th? Th?m',23800000,'NV t‡i v?',3,203);
Insert into HOSPITAL_MANAGE.NHANVIEN (MANV,HOTEN,LUONG,VAITRO,DONVI,OLS_NHANVIEN) values (33,'Nguy?n Th? Minh Loan',23600000,'NV t‡i v?',3,203);
Insert into HOSPITAL_MANAGE.NHANVIEN (MANV,HOTEN,LUONG,VAITRO,DONVI,OLS_NHANVIEN) values (34,'Nguy?n Tr??ng Giang',23400000,'B·c s?',1,201);
Insert into HOSPITAL_MANAGE.NHANVIEN (MANV,HOTEN,LUONG,VAITRO,DONVI,OLS_NHANVIEN) values (35,'V? An Ph??ng',23200000,'B·c s?',1,201);
Insert into HOSPITAL_MANAGE.NHANVIEN (MANV,HOTEN,LUONG,VAITRO,DONVI,OLS_NHANVIEN) values (36,'Nguy?n Th? Minh Ph??ng',23000000,'B·c s?',1,201);
Insert into HOSPITAL_MANAGE.NHANVIEN (MANV,HOTEN,LUONG,VAITRO,DONVI,OLS_NHANVIEN) values (37,'L?u V‚n Anh',22800000,'B·c s?',1,201);
Insert into HOSPITAL_MANAGE.NHANVIEN (MANV,HOTEN,LUONG,VAITRO,DONVI,OLS_NHANVIEN) values (38,'Ph?m Th? Thu',22600000,'B·c s?',1,201);
Insert into HOSPITAL_MANAGE.NHANVIEN (MANV,HOTEN,LUONG,VAITRO,DONVI,OLS_NHANVIEN) values (39,'Ho‡ng Th? HuÍ',22400000,'B·c s?',1,201);
Insert into HOSPITAL_MANAGE.NHANVIEN (MANV,HOTEN,LUONG,VAITRO,DONVI,OLS_NHANVIEN) values (40,'D??ng Th? ?‡o',22200000,'B·c s?',1,201);
Insert into HOSPITAL_MANAGE.NHANVIEN (MANV,HOTEN,LUONG,VAITRO,DONVI,OLS_NHANVIEN) values (41,'DiÍm Th? Oanh',22000000,'B·c s?',1,201);
Insert into HOSPITAL_MANAGE.NHANVIEN (MANV,HOTEN,LUONG,VAITRO,DONVI,OLS_NHANVIEN) values (42,'B˘i Thu Ho‡i',21800000,'B·c s?',1,201);
Insert into HOSPITAL_MANAGE.NHANVIEN (MANV,HOTEN,LUONG,VAITRO,DONVI,OLS_NHANVIEN) values (43,'V? Th? T? Uy?n',21600000,'B·c s?',1,201);
Insert into HOSPITAL_MANAGE.NHANVIEN (MANV,HOTEN,LUONG,VAITRO,DONVI,OLS_NHANVIEN) values (44,'Ph?m ?Ïnh Quy?t',21400000,'B·c s?',1,201);
Insert into HOSPITAL_MANAGE.NHANVIEN (MANV,HOTEN,LUONG,VAITRO,DONVI,OLS_NHANVIEN) values (45,'Nguy?n Th? Tuy?t Hoa',21200000,'B·c s?',1,201);
Insert into HOSPITAL_MANAGE.NHANVIEN (MANV,HOTEN,LUONG,VAITRO,DONVI,OLS_NHANVIEN) values (46,'Nguy?n Th? Thu Hi?n',21000000,'B·c s?',1,201);
Insert into HOSPITAL_MANAGE.NHANVIEN (MANV,HOTEN,LUONG,VAITRO,DONVI,OLS_NHANVIEN) values (47,'Nguy?n Th? Nh?',20800000,'B·c s?',1,201);
Insert into HOSPITAL_MANAGE.NHANVIEN (MANV,HOTEN,LUONG,VAITRO,DONVI,OLS_NHANVIEN) values (48,'LÍ Th? BÌch Thu?',20600000,'B·c s?',1,201);
Insert into HOSPITAL_MANAGE.NHANVIEN (MANV,HOTEN,LUONG,VAITRO,DONVI,OLS_NHANVIEN) values (49,'T? Th? Hi?n',20400000,'B·c s?',1,201);
Insert into HOSPITAL_MANAGE.NHANVIEN (MANV,HOTEN,LUONG,VAITRO,DONVI,OLS_NHANVIEN) values (50,'LÍ Th? Thu Hi?n',20200000,'B·c s?',1,201);
Insert into HOSPITAL_MANAGE.NHANVIEN (MANV,HOTEN,LUONG,VAITRO,DONVI,OLS_NHANVIEN) values (51,'Tr?n Th? Giang',20000000,'B·c s?',1,201);
Insert into HOSPITAL_MANAGE.NHANVIEN (MANV,HOTEN,LUONG,VAITRO,DONVI,OLS_NHANVIEN) values (52,'Nguy?n Th? L‚m',19800000,'B·c s?',1,201);
Insert into HOSPITAL_MANAGE.NHANVIEN (MANV,HOTEN,LUONG,VAITRO,DONVI,OLS_NHANVIEN) values (53,'Nguy?n H?ng Mai',19600000,'B·c s?',1,201);
Insert into HOSPITAL_MANAGE.NHANVIEN (MANV,HOTEN,LUONG,VAITRO,DONVI,OLS_NHANVIEN) values (54,'Ph?m Th? M? H?nh',19400000,'B·c s?',1,201);
Insert into HOSPITAL_MANAGE.NHANVIEN (MANV,HOTEN,LUONG,VAITRO,DONVI,OLS_NHANVIEN) values (55,'H? Th? C?m V‚n',19200000,'B·c s?',2,202);
Insert into HOSPITAL_MANAGE.NHANVIEN (MANV,HOTEN,LUONG,VAITRO,DONVI,OLS_NHANVIEN) values (56,'V? S? Lu‚n',19000000,'B·c s?',2,202);
Insert into HOSPITAL_MANAGE.NHANVIEN (MANV,HOTEN,LUONG,VAITRO,DONVI,OLS_NHANVIEN) values (57,'Tr?n Tu?n M??i',18800000,'B·c s?',2,202);
Insert into HOSPITAL_MANAGE.NHANVIEN (MANV,HOTEN,LUONG,VAITRO,DONVI,OLS_NHANVIEN) values (58,'LÍ Th? DuyÍn',18600000,'B·c s?',2,202);
Insert into HOSPITAL_MANAGE.NHANVIEN (MANV,HOTEN,LUONG,VAITRO,DONVI,OLS_NHANVIEN) values (59,'?o‡n Th? Thuy',18400000,'B·c s?',2,202);
Insert into HOSPITAL_MANAGE.NHANVIEN (MANV,HOTEN,LUONG,VAITRO,DONVI,OLS_NHANVIEN) values (60,'Ph?m Th? Thu?',18200000,'B·c s?',2,202);
Insert into HOSPITAL_MANAGE.NHANVIEN (MANV,HOTEN,LUONG,VAITRO,DONVI,OLS_NHANVIEN) values (61,'LÍ Ph??ng Th?o',18000000,'B·c s?',2,202);
Insert into HOSPITAL_MANAGE.NHANVIEN (MANV,HOTEN,LUONG,VAITRO,DONVI,OLS_NHANVIEN) values (62,'NgÙ V?n Nam',17800000,'B·c s?',2,202);
Insert into HOSPITAL_MANAGE.NHANVIEN (MANV,HOTEN,LUONG,VAITRO,DONVI,OLS_NHANVIEN) values (63,'Nguy?n Th? N?m',17600000,'B·c s?',2,202);
Insert into HOSPITAL_MANAGE.NHANVIEN (MANV,HOTEN,LUONG,VAITRO,DONVI,OLS_NHANVIEN) values (64,'Ph?m V? Oai',17400000,'B·c s?',2,202);
Insert into HOSPITAL_MANAGE.NHANVIEN (MANV,HOTEN,LUONG,VAITRO,DONVI,OLS_NHANVIEN) values (65,'Tr?n Kh?c H˘ng',17200000,'B·c s?',2,202);
Insert into HOSPITAL_MANAGE.NHANVIEN (MANV,HOTEN,LUONG,VAITRO,DONVI,OLS_NHANVIEN) values (66,'Nguy?n Th? Minh Thu',17000000,'B·c s?',2,202);
Insert into HOSPITAL_MANAGE.NHANVIEN (MANV,HOTEN,LUONG,VAITRO,DONVI,OLS_NHANVIEN) values (67,'Nguy?n Th? H?ng',16800000,'B·c s?',2,202);
Insert into HOSPITAL_MANAGE.NHANVIEN (MANV,HOTEN,LUONG,VAITRO,DONVI,OLS_NHANVIEN) values (68,'Nguy?n Th? Thanh',16600000,'B·c s?',2,202);
Insert into HOSPITAL_MANAGE.NHANVIEN (MANV,HOTEN,LUONG,VAITRO,DONVI,OLS_NHANVIEN) values (69,'Ph?m Th? K?ng',16400000,'B·c s?',2,202);
Insert into HOSPITAL_MANAGE.NHANVIEN (MANV,HOTEN,LUONG,VAITRO,DONVI,OLS_NHANVIEN) values (70,'Nguy?n Th? Thu˝ H?nh',16200000,'B·c s?',2,202);
Insert into HOSPITAL_MANAGE.NHANVIEN (MANV,HOTEN,LUONG,VAITRO,DONVI,OLS_NHANVIEN) values (71,'V? Th? S·o',16000000,'B·c s?',3,203);
Insert into HOSPITAL_MANAGE.NHANVIEN (MANV,HOTEN,LUONG,VAITRO,DONVI,OLS_NHANVIEN) values (72,'NgÙ Th? Ph˙c',15800000,'B·c s?',3,203);
Insert into HOSPITAL_MANAGE.NHANVIEN (MANV,HOTEN,LUONG,VAITRO,DONVI,OLS_NHANVIEN) values (73,'Nguy?n Th? ???ng',15600000,'B·c s?',3,203);
Insert into HOSPITAL_MANAGE.NHANVIEN (MANV,HOTEN,LUONG,VAITRO,DONVI,OLS_NHANVIEN) values (74,'Ho‡ng S? ???ng',15400000,'B·c s?',3,203);
Insert into HOSPITAL_MANAGE.NHANVIEN (MANV,HOTEN,LUONG,VAITRO,DONVI,OLS_NHANVIEN) values (75,'Nguy?n Hi?n L??ng',15200000,'B·c s?',3,203);
Insert into HOSPITAL_MANAGE.NHANVIEN (MANV,HOTEN,LUONG,VAITRO,DONVI,OLS_NHANVIEN) values (76,'Ph?m Th? H?ng H?nh',15000000,'B·c s?',3,203);
Insert into HOSPITAL_MANAGE.NHANVIEN (MANV,HOTEN,LUONG,VAITRO,DONVI,OLS_NHANVIEN) values (77,'Nguy?n Th? Thu Ho‡n',14800000,'B·c s?',3,203);
Insert into HOSPITAL_MANAGE.NHANVIEN (MANV,HOTEN,LUONG,VAITRO,DONVI,OLS_NHANVIEN) values (78,'D??ng Th? Thanh Ph??ng',14600000,'B·c s?',3,203);
Insert into HOSPITAL_MANAGE.NHANVIEN (MANV,HOTEN,LUONG,VAITRO,DONVI,OLS_NHANVIEN) values (79,'Ph?m Thu H??ng',14400000,'B·c s?',3,203);
Insert into HOSPITAL_MANAGE.NHANVIEN (MANV,HOTEN,LUONG,VAITRO,DONVI,OLS_NHANVIEN) values (80,'Tr?n Th? Mai H??ng',14200000,'B·c s?',3,203);
Insert into HOSPITAL_MANAGE.NHANVIEN (MANV,HOTEN,LUONG,VAITRO,DONVI,OLS_NHANVIEN) values (81,'Nguy?n V?n Huy',14000000,'NV b·n thu?c',1,201);
Insert into HOSPITAL_MANAGE.NHANVIEN (MANV,HOTEN,LUONG,VAITRO,DONVI,OLS_NHANVIEN) values (82,'?? Th? Qu?',13800000,'NV b·n thu?c',1,201);
Insert into HOSPITAL_MANAGE.NHANVIEN (MANV,HOTEN,LUONG,VAITRO,DONVI,OLS_NHANVIEN) values (83,'Nguy?n H?ng H?nh',13600000,'NV b·n thu?c',1,201);
Insert into HOSPITAL_MANAGE.NHANVIEN (MANV,HOTEN,LUONG,VAITRO,DONVI,OLS_NHANVIEN) values (84,'Tr?n Th? Th˙y H??ng',13400000,'NV b·n thu?c',1,201);
Insert into HOSPITAL_MANAGE.NHANVIEN (MANV,HOTEN,LUONG,VAITRO,DONVI,OLS_NHANVIEN) values (85,'LÍ Quang Anh',13200000,'NV b·n thu?c',2,202);
Insert into HOSPITAL_MANAGE.NHANVIEN (MANV,HOTEN,LUONG,VAITRO,DONVI,OLS_NHANVIEN) values (86,'L??ng Minh ??c',13000000,'NV b·n thu?c',2,202);
Insert into HOSPITAL_MANAGE.NHANVIEN (MANV,HOTEN,LUONG,VAITRO,DONVI,OLS_NHANVIEN) values (87,'Nguy?n Th? Thu Thu?',12800000,'NV b·n thu?c',2,202);
Insert into HOSPITAL_MANAGE.NHANVIEN (MANV,HOTEN,LUONG,VAITRO,DONVI,OLS_NHANVIEN) values (88,'Ho‡ng Th? Th?o',12600000,'NV b·n thu?c',2,202);
Insert into HOSPITAL_MANAGE.NHANVIEN (MANV,HOTEN,LUONG,VAITRO,DONVI,OLS_NHANVIEN) values (89,'Ph?m V?n Tu?n',12400000,'NV b·n thu?c',3,203);
Insert into HOSPITAL_MANAGE.NHANVIEN (MANV,HOTEN,LUONG,VAITRO,DONVI,OLS_NHANVIEN) values (90,'Tr?n V?n Ti?n',12200000,'NV b·n thu?c',3,203);
Insert into HOSPITAL_MANAGE.NHANVIEN (MANV,HOTEN,LUONG,VAITRO,DONVI,OLS_NHANVIEN) values (91,'?‡o H?i Long',12000000,'NV b·n thu?c',3,203);
Insert into HOSPITAL_MANAGE.NHANVIEN (MANV,HOTEN,LUONG,VAITRO,DONVI,OLS_NHANVIEN) values (92,'V? Th? Chung',11800000,'NV b·n thu?c',3,203);
Insert into HOSPITAL_MANAGE.NHANVIEN (MANV,HOTEN,LUONG,VAITRO,DONVI,OLS_NHANVIEN) values (93,'Nguy?n Th˙y Vui',11600000,'NV K? to·n',1,201);
Insert into HOSPITAL_MANAGE.NHANVIEN (MANV,HOTEN,LUONG,VAITRO,DONVI,OLS_NHANVIEN) values (94,'Nguy?n B· K?',11400000,'NV K? to·n',1,201);
Insert into HOSPITAL_MANAGE.NHANVIEN (MANV,HOTEN,LUONG,VAITRO,DONVI,OLS_NHANVIEN) values (95,'?ng Vi?t T˘ng',11200000,'NV K? to·n',1,201);
Insert into HOSPITAL_MANAGE.NHANVIEN (MANV,HOTEN,LUONG,VAITRO,DONVI,OLS_NHANVIEN) values (96,'Nguy?n CÙng Y',11000000,'NV K? to·n',2,202);
Insert into HOSPITAL_MANAGE.NHANVIEN (MANV,HOTEN,LUONG,VAITRO,DONVI,OLS_NHANVIEN) values (97,'Nguy?n Th? V‚n XuyÍn',10800000,'NV K? to·n',2,202);
Insert into HOSPITAL_MANAGE.NHANVIEN (MANV,HOTEN,LUONG,VAITRO,DONVI,OLS_NHANVIEN) values (98,'Mai Th? My',10600000,'NV K? to·n',3,203);
Insert into HOSPITAL_MANAGE.NHANVIEN (MANV,HOTEN,LUONG,VAITRO,DONVI,OLS_NHANVIEN) values (99,'Nguy?n Th? Lan Anh',10400000,'NV K? to·n',3,203);
REM INSERTING into HOSPITAL_MANAGE.THUOC
SET DEFINE OFF;
Insert into HOSPITAL_MANAGE.THUOC (MATHUOC,TENTH,DVT,PRICE) values ('1','10% Dextrose¬† 500ml', 'chai', 1500);
Insert into HOSPITAL_MANAGE.THUOC (MATHUOC,TENTH,DVT,PRICE) values ('2','Abrocto 3mg/1ml - 100ml', 'Chai', 279);
Insert into HOSPITAL_MANAGE.THUOC (MATHUOC,TENTH,DVT,PRICE) values ('3','Adrenalin 1mg/1ml', '·ª?ng', 199);
Insert into HOSPITAL_MANAGE.THUOC (MATHUOC,TENTH,DVT,PRICE) values ('4','Alverin 40mg', 'Vi√™n', 92);
Insert into HOSPITAL_MANAGE.THUOC (MATHUOC,TENTH,DVT,PRICE) values ('5','Alvesin 5E 5%/ 250ml', 'Chai', 6680);
Insert into HOSPITAL_MANAGE.THUOC (MATHUOC,TENTH,DVT,PRICE) values ('6','Ambelin 5 mg¬†', 'Vi√™n', 315);
Insert into HOSPITAL_MANAGE.THUOC (MATHUOC,TENTH,DVT,PRICE) values ('7','Aminazin 1,25%', '·ª?ng', 1250);
Insert into HOSPITAL_MANAGE.THUOC (MATHUOC,TENTH,DVT,PRICE) values ('8','Amoxicilin 500mg', 'Vi√™n', 478);
Insert into HOSPITAL_MANAGE.THUOC (MATHUOC,TENTH,DVT,PRICE) values ('9','An th·∫ßn b·ªï t√¢m - f', 'Vi√™n', 924);
Insert into HOSPITAL_MANAGE.THUOC (MATHUOC,TENTH,DVT,PRICE) values ('10','Aspilets EC', 'Vi√™n', 540);
Insert into HOSPITAL_MANAGE.THUOC (MATHUOC,TENTH,DVT,PRICE) values ('11','Aspirin - 100mg', 'Vi√™n', 450);
Insert into HOSPITAL_MANAGE.THUOC (MATHUOC,TENTH,DVT,PRICE) values ('12','Atileucine inj 500mg/ 5ml', '·ª?ng', 1100);
Insert into HOSPITAL_MANAGE.THUOC (MATHUOC,TENTH,DVT,PRICE) values ('13','Atisalbu 2mg/5ml', '·ª?ng', 390);
Insert into HOSPITAL_MANAGE.THUOC (MATHUOC,TENTH,DVT,PRICE) values ('14','Atorvastatin 20mg', 'vi√™n', 244);
Insert into HOSPITAL_MANAGE.THUOC (MATHUOC,TENTH,DVT,PRICE) values ('15','Atropin sulfat 0,25mg/1ml', '·ª?ng', 525);
Insert into HOSPITAL_MANAGE.THUOC (MATHUOC,TENTH,DVT,PRICE) values ('16','Augmentin 281.25mg', 'G√≥i', 1060);
Insert into HOSPITAL_MANAGE.THUOC (MATHUOC,TENTH,DVT,PRICE) values ('17','Azithromycin 200mg', 'g√≥i', 1800);
Insert into HOSPITAL_MANAGE.THUOC (MATHUOC,TENTH,DVT,PRICE) values ('18','Basethyrox 100mg', 'Vi√™n', 735);
Insert into HOSPITAL_MANAGE.THUOC (MATHUOC,TENTH,DVT,PRICE) values ('19','Berlthyrox 100mcg', 'Vi√™n', 490);
Insert into HOSPITAL_MANAGE.THUOC (MATHUOC,TENTH,DVT,PRICE) values ('20','Betaloc Zok 25mg', 'Vi√™n', 438);
Insert into HOSPITAL_MANAGE.THUOC (MATHUOC,TENTH,DVT,PRICE) values ('21','BFS-Calciclorid 100mg/1ml - 5ml', '·ª?ng', 108);
Insert into HOSPITAL_MANAGE.THUOC (MATHUOC,TENTH,DVT,PRICE) values ('22','BFS-Tranexamic 500mg/10ml', '·ª?ng', 140);
Insert into HOSPITAL_MANAGE.THUOC (MATHUOC,TENTH,DVT,PRICE) values ('23','Biosubtyl- II 107‚Äì108 CFU', 'Vi√™n', 139);
Insert into HOSPITAL_MANAGE.THUOC (MATHUOC,TENTH,DVT,PRICE) values ('24','Bisostad 2,5mg', 'Vi√™n', 70);
Insert into HOSPITAL_MANAGE.THUOC (MATHUOC,TENTH,DVT,PRICE) values ('25','Boganic Forte', 'Vi√™n', 180);
Insert into HOSPITAL_MANAGE.THUOC (MATHUOC,TENTH,DVT,PRICE) values ('26','Bralcib Eye Drops 0.3% - 10ml', 'L·ª?', 170);
Insert into HOSPITAL_MANAGE.THUOC (MATHUOC,TENTH,DVT,PRICE) values ('27','Bupivacaine 5mg/ml - 4ml', '·ª?ng', 3760);
Insert into HOSPITAL_MANAGE.THUOC (MATHUOC,TENTH,DVT,PRICE) values ('28','Cafunten 1%-10g', 'Tu√Ωp', 630);
Insert into HOSPITAL_MANAGE.THUOC (MATHUOC,TENTH,DVT,PRICE) values ('29','Cammic 250mg/5ml', '·ª?ng', 540);
Insert into HOSPITAL_MANAGE.THUOC (MATHUOC,TENTH,DVT,PRICE) values ('30','Cammic 500mg', 'vi√™n', 1600);
Insert into HOSPITAL_MANAGE.THUOC (MATHUOC,TENTH,DVT,PRICE) values ('31','Cammic 500mg', 'Vi√™n', 1600);
Insert into HOSPITAL_MANAGE.THUOC (MATHUOC,TENTH,DVT,PRICE) values ('32','Captopril Stada 25mg', 'Vi√™n', 450);
Insert into HOSPITAL_MANAGE.THUOC (MATHUOC,TENTH,DVT,PRICE) values ('33','Cavipi 5mg', 'Vi√™n', 840);
Insert into HOSPITAL_MANAGE.THUOC (MATHUOC,TENTH,DVT,PRICE) values ('34','Cefadroxil 500mg', 'Vi√™n', 2890);
Insert into HOSPITAL_MANAGE.THUOC (MATHUOC,TENTH,DVT,PRICE) values ('35','Cefadroxil 500mg', 'Vi√™n', 1869);
Insert into HOSPITAL_MANAGE.THUOC (MATHUOC,TENTH,DVT,PRICE) values ('36','Cephalexin 250mg', 'G√≥i', 764);
Insert into HOSPITAL_MANAGE.THUOC (MATHUOC,TENTH,DVT,PRICE) values ('37','Cephalexin PMP 500', 'Vi√™n', 1369);
Insert into HOSPITAL_MANAGE.THUOC (MATHUOC,TENTH,DVT,PRICE) values ('38','Cerecaps', 'Vi√™n', 2835);
Insert into HOSPITAL_MANAGE.THUOC (MATHUOC,TENTH,DVT,PRICE) values ('39','Cetirizine Stada 10mg', 'Vi√™n', 320);
Insert into HOSPITAL_MANAGE.THUOC (MATHUOC,TENTH,DVT,PRICE) values ('40','Chlorocina - H', 'Tube', 3660);
Insert into HOSPITAL_MANAGE.THUOC (MATHUOC,TENTH,DVT,PRICE) values ('41','Cinnarizin 25mg', 'vi√™n', 46);
Insert into HOSPITAL_MANAGE.THUOC (MATHUOC,TENTH,DVT,PRICE) values ('42','Cinnarizin 25mg', 'Vi√™n', 52);
Insert into HOSPITAL_MANAGE.THUOC (MATHUOC,TENTH,DVT,PRICE) values ('43','Ciprofloxacin 500mg', 'vi√™n', 399);
Insert into HOSPITAL_MANAGE.THUOC (MATHUOC,TENTH,DVT,PRICE) values ('44','Ciprofloxacin Kabi 200mg/100ml', 'Chai', 1754);
Insert into HOSPITAL_MANAGE.THUOC (MATHUOC,TENTH,DVT,PRICE) values ('45','CKDCeftizoxime inj.1g', 'L·ª?', 3900);
Insert into HOSPITAL_MANAGE.THUOC (MATHUOC,TENTH,DVT,PRICE) values ('46','Cloramphenicol 0,4% - 8ml', 'L·ª?', 1550);
Insert into HOSPITAL_MANAGE.THUOC (MATHUOC,TENTH,DVT,PRICE) values ('47','Clorpheniramin 4mg', 'vi√™n', 28);
Insert into HOSPITAL_MANAGE.THUOC (MATHUOC,TENTH,DVT,PRICE) values ('48','Colchicin 1mg', 'Vi√™n', 240);
Insert into HOSPITAL_MANAGE.THUOC (MATHUOC,TENTH,DVT,PRICE) values ('49','CORDARONE 200 mg', 'Vi√™n', 650);
Insert into HOSPITAL_MANAGE.THUOC (MATHUOC,TENTH,DVT,PRICE) values ('50','CORDARONE 200 mg', 'Vi√™n', 650);
Insert into HOSPITAL_MANAGE.THUOC (MATHUOC,TENTH,DVT,PRICE) values ('51','Cotrimstada Forte 960mg', 'Vi√™n', 600);
Insert into HOSPITAL_MANAGE.THUOC (MATHUOC,TENTH,DVT,PRICE) values ('52','Coversyl 5mg', 'Vi√™n', 5650);
Insert into HOSPITAL_MANAGE.THUOC (MATHUOC,TENTH,DVT,PRICE) values ('53','Crondia 30MR', 'Vi√™n', 420);
Insert into HOSPITAL_MANAGE.THUOC (MATHUOC,TENTH,DVT,PRICE) values ('54','Diamicron MR 30mg', 'Vi√™n', 2765);
Insert into HOSPITAL_MANAGE.THUOC (MATHUOC,TENTH,DVT,PRICE) values ('55','DIAPHYLLIN 48mg/1ml- 5ml', '·ª?ng', 105);
Insert into HOSPITAL_MANAGE.THUOC (MATHUOC,TENTH,DVT,PRICE) values ('56','Diazepam 10mg/2ml', '·ª?ng', 4410);
Insert into HOSPITAL_MANAGE.THUOC (MATHUOC,TENTH,DVT,PRICE) values ('57','Diclofenac 50mg', 'Vi√™n', 78);
Insert into HOSPITAL_MANAGE.THUOC (MATHUOC,TENTH,DVT,PRICE) values ('58','Diclofenac 75mg/3ml', '·ªëng', 900);
Insert into HOSPITAL_MANAGE.THUOC (MATHUOC,TENTH,DVT,PRICE) values ('59','Dimedrol 10mg/ml', '·ªëng', 506);
Insert into HOSPITAL_MANAGE.THUOC (MATHUOC,TENTH,DVT,PRICE) values ('60','Dismolan 20mg/1ml - 10ml', '·ª?ng', 3675);
Insert into HOSPITAL_MANAGE.THUOC (MATHUOC,TENTH,DVT,PRICE) values ('61','Disthyrox 100mcg', 'Vi√™n', 273);
Insert into HOSPITAL_MANAGE.THUOC (MATHUOC,TENTH,DVT,PRICE) values ('62','??ƒ?·ªôc ho·∫°t tang k√Ω sinh', 'Vi√™n', 840);
Insert into HOSPITAL_MANAGE.THUOC (MATHUOC,TENTH,DVT,PRICE) values ('63','Dolcontral 100mg 2ml', '·ª?ng', 1420);
Insert into HOSPITAL_MANAGE.THUOC (MATHUOC,TENTH,DVT,PRICE) values ('64','Dolcontral 50mg/ml 2ml', '·ª?ng', 1590);
Insert into HOSPITAL_MANAGE.THUOC (MATHUOC,TENTH,DVT,PRICE) values ('65','Domepa 250mg', 'Vi√™n', 610);
Insert into HOSPITAL_MANAGE.THUOC (MATHUOC,TENTH,DVT,PRICE) values ('66','Domever 25mg', 'Vi√™n', 825);
Insert into HOSPITAL_MANAGE.THUOC (MATHUOC,TENTH,DVT,PRICE) values ('67','Doncef 500mg', 'Vi√™n', 2436);
Insert into HOSPITAL_MANAGE.THUOC (MATHUOC,TENTH,DVT,PRICE) values ('68','Dopamine Hydrochloride USP 40mg/ml', '·ª?ng', 1995);
Insert into HOSPITAL_MANAGE.THUOC (MATHUOC,TENTH,DVT,PRICE) values ('69','Dopegyt 250mg', 'Vi√™n', 1619);
Insert into HOSPITAL_MANAGE.THUOC (MATHUOC,TENTH,DVT,PRICE) values ('70','Dorocron MR 60mg', 'Vi√™n', 2695);
Insert into HOSPITAL_MANAGE.THUOC (MATHUOC,TENTH,DVT,PRICE) values ('71','Dorosur 10mg', 'Vi√™n', 649);
Insert into HOSPITAL_MANAGE.THUOC (MATHUOC,TENTH,DVT,PRICE) values ('72','EFTICOL 0,9%-10ml', 'Chai', 1249);
Insert into HOSPITAL_MANAGE.THUOC (MATHUOC,TENTH,DVT,PRICE) values ('73','Epfepara Codeine 500mg + 15mg', 'Vi√™n', 1950);
Insert into HOSPITAL_MANAGE.THUOC (MATHUOC,TENTH,DVT,PRICE) values ('74','Ephedrine Aguettant 30mg/ml - 1ml', '·ª?ng', 5770);
Insert into HOSPITAL_MANAGE.THUOC (MATHUOC,TENTH,DVT,PRICE) values ('75','Eutaric 10mg', 'Vi√™n', 1800);
Insert into HOSPITAL_MANAGE.THUOC (MATHUOC,TENTH,DVT,PRICE) values ('76','Fabamox 250mg', 'G√≥i', 2100);
Insert into HOSPITAL_MANAGE.THUOC (MATHUOC,TENTH,DVT,PRICE) values ('77','Fabamox 500', 'Vi√™n', 1450);
Insert into HOSPITAL_MANAGE.THUOC (MATHUOC,TENTH,DVT,PRICE) values ('78','Fascapin-10', 'Vi√™n', 171);
Insert into HOSPITAL_MANAGE.THUOC (MATHUOC,TENTH,DVT,PRICE) values ('79','Faszeen 250mg', 'G√≥i', 599);
Insert into HOSPITAL_MANAGE.THUOC (MATHUOC,TENTH,DVT,PRICE) values ('80','Fentanyl 50mcg/ml- 2ml', '·ª?ng', 1179);
Insert into HOSPITAL_MANAGE.THUOC (MATHUOC,TENTH,DVT,PRICE) values ('81','FUROSEMIDE 20mg/2ml', '·ª?ng', 1155);
Insert into HOSPITAL_MANAGE.THUOC (MATHUOC,TENTH,DVT,PRICE) values ('82','Gardenal 10mg', 'Vi√™n', 137);
Insert into HOSPITAL_MANAGE.THUOC (MATHUOC,TENTH,DVT,PRICE) values ('83','GASTEROL 100mg', 'L·ª?', 8129);
Insert into HOSPITAL_MANAGE.THUOC (MATHUOC,TENTH,DVT,PRICE) values ('84','GASTEVIN 30mg', 'Vi√™n', 9499);
Insert into HOSPITAL_MANAGE.THUOC (MATHUOC,TENTH,DVT,PRICE) values ('85','Gentamicin 80mg', '·ª?ng', 1140);
Insert into HOSPITAL_MANAGE.THUOC (MATHUOC,TENTH,DVT,PRICE) values ('86','Glucose 5%-500ml', 'Chai', 1050);
Insert into HOSPITAL_MANAGE.THUOC (MATHUOC,TENTH,DVT,PRICE) values ('87','Hagimox 250mg', 'g√≥i', 536);
Insert into HOSPITAL_MANAGE.THUOC (MATHUOC,TENTH,DVT,PRICE) values ('88','Hapacol 150mg', 'g√≥i', 1365);
Insert into HOSPITAL_MANAGE.THUOC (MATHUOC,TENTH,DVT,PRICE) values ('89','Hasec 30mg', 'g√≥i', 1500);
Insert into HOSPITAL_MANAGE.THUOC (MATHUOC,TENTH,DVT,PRICE) values ('90','Hismedan 20mg', 'vi√™n', 81);
Insert into HOSPITAL_MANAGE.THUOC (MATHUOC,TENTH,DVT,PRICE) values ('91','Histapast 5mg', 'Vi√™n', 1134);
Insert into HOSPITAL_MANAGE.THUOC (MATHUOC,TENTH,DVT,PRICE) values ('92','Hivent 2.5mg/2.5ml', '·ª?ng', 4200);
Insert into HOSPITAL_MANAGE.THUOC (MATHUOC,TENTH,DVT,PRICE) values ('93','Ho·∫°t huy·∫øt Nh·∫•t Nh·∫•t', 'Vi√™n', 2832);
Insert into HOSPITAL_MANAGE.THUOC (MATHUOC,TENTH,DVT,PRICE) values ('94','Humulin 70/30', 'UI', 111);
Insert into HOSPITAL_MANAGE.THUOC (MATHUOC,TENTH,DVT,PRICE) values ('95','Huy·∫øt thanh kh√°ng ƒë·ªôc t·ªë u·ªën v√°n tinh ch·∫ø (SAT)', '·ª?ng', 2350);
Insert into HOSPITAL_MANAGE.THUOC (MATHUOC,TENTH,DVT,PRICE) values ('96','Hypravas 20', 'Vi√™n', 3486);
Insert into HOSPITAL_MANAGE.THUOC (MATHUOC,TENTH,DVT,PRICE) values ('97','Kagasdine 20mg', 'Vi√™n', 133);
Insert into HOSPITAL_MANAGE.THUOC (MATHUOC,TENTH,DVT,PRICE) values ('98','Kaldyum¬† 600mg', 'Vi√™n', 1800);
Insert into HOSPITAL_MANAGE.THUOC (MATHUOC,TENTH,DVT,PRICE) values ('99','Kali clorid Kabi 10%', '·ª?ng', 1995);
Insert into HOSPITAL_MANAGE.THUOC (MATHUOC,TENTH,DVT,PRICE) values ('100','Kavasdin 5mg', 'vi√™n', 81);
--------------------------------------------------------
--  DDL for Index SYS_C007461
--------------------------------------------------------

  CREATE UNIQUE INDEX "HOSPITAL_MANAGE"."SYS_C007461" ON "HOSPITAL_MANAGE"."BENHNHAN" ("MABN") 
  PCTFREE 10 INITRANS 2 MAXTRANS 255 COMPUTE STATISTICS 
  STORAGE(INITIAL 65536 NEXT 1048576 MINEXTENTS 1 MAXEXTENTS 2147483645
  PCTINCREASE 0 FREELISTS 1 FREELIST GROUPS 1
  BUFFER_POOL DEFAULT FLASH_CACHE DEFAULT CELL_FLASH_CACHE DEFAULT)
  TABLESPACE "SYSTEM" ;
--------------------------------------------------------
--  DDL for Index CHAMCONG_PK
--------------------------------------------------------

  CREATE UNIQUE INDEX "HOSPITAL_MANAGE"."CHAMCONG_PK" ON "HOSPITAL_MANAGE"."CHAMCONG" ("MANV", "THANG") 
  PCTFREE 10 INITRANS 2 MAXTRANS 255 COMPUTE STATISTICS 
  STORAGE(INITIAL 65536 NEXT 1048576 MINEXTENTS 1 MAXEXTENTS 2147483645
  PCTINCREASE 0 FREELISTS 1 FREELIST GROUPS 1
  BUFFER_POOL DEFAULT FLASH_CACHE DEFAULT CELL_FLASH_CACHE DEFAULT)
  TABLESPACE "SYSTEM" ;
--------------------------------------------------------
--  DDL for Index CTDT_PK
--------------------------------------------------------

  CREATE UNIQUE INDEX "HOSPITAL_MANAGE"."CTDT_PK" ON "HOSPITAL_MANAGE"."CHITIETDONTHUOC" ("MAKB", "MATHUOC") 
  PCTFREE 10 INITRANS 2 MAXTRANS 255 COMPUTE STATISTICS 
  STORAGE(INITIAL 65536 NEXT 1048576 MINEXTENTS 1 MAXEXTENTS 2147483645
  PCTINCREASE 0 FREELISTS 1 FREELIST GROUPS 1
  BUFFER_POOL DEFAULT FLASH_CACHE DEFAULT CELL_FLASH_CACHE DEFAULT)
  TABLESPACE "SYSTEM" ;
--------------------------------------------------------
--  DDL for Index CTHD_PK
--------------------------------------------------------

  CREATE UNIQUE INDEX "HOSPITAL_MANAGE"."CTHD_PK" ON "HOSPITAL_MANAGE"."CHITIETHD" ("SOHD", "MADV") 
  PCTFREE 10 INITRANS 2 MAXTRANS 255 COMPUTE STATISTICS 
  STORAGE(INITIAL 65536 NEXT 1048576 MINEXTENTS 1 MAXEXTENTS 2147483645
  PCTINCREASE 0 FREELISTS 1 FREELIST GROUPS 1
  BUFFER_POOL DEFAULT FLASH_CACHE DEFAULT CELL_FLASH_CACHE DEFAULT)
  TABLESPACE "SYSTEM" ;
--------------------------------------------------------
--  DDL for Index SYS_C007466
--------------------------------------------------------

  CREATE UNIQUE INDEX "HOSPITAL_MANAGE"."SYS_C007466" ON "HOSPITAL_MANAGE"."DICHVU" ("MADV") 
  PCTFREE 10 INITRANS 2 MAXTRANS 255 COMPUTE STATISTICS 
  STORAGE(INITIAL 65536 NEXT 1048576 MINEXTENTS 1 MAXEXTENTS 2147483645
  PCTINCREASE 0 FREELISTS 1 FREELIST GROUPS 1
  BUFFER_POOL DEFAULT FLASH_CACHE DEFAULT CELL_FLASH_CACHE DEFAULT)
  TABLESPACE "SYSTEM" ;
--------------------------------------------------------
--  DDL for Index SYS_C007467
--------------------------------------------------------

  CREATE UNIQUE INDEX "HOSPITAL_MANAGE"."SYS_C007467" ON "HOSPITAL_MANAGE"."DONTHUOC" ("MAKB") 
  PCTFREE 10 INITRANS 2 MAXTRANS 255 COMPUTE STATISTICS 
  STORAGE(INITIAL 65536 NEXT 1048576 MINEXTENTS 1 MAXEXTENTS 2147483645
  PCTINCREASE 0 FREELISTS 1 FREELIST GROUPS 1
  BUFFER_POOL DEFAULT FLASH_CACHE DEFAULT CELL_FLASH_CACHE DEFAULT)
  TABLESPACE "SYSTEM" ;
--------------------------------------------------------
--  DDL for Index SYS_C007460
--------------------------------------------------------

  CREATE UNIQUE INDEX "HOSPITAL_MANAGE"."SYS_C007460" ON "HOSPITAL_MANAGE"."DONVI" ("MADV") 
  PCTFREE 10 INITRANS 2 MAXTRANS 255 COMPUTE STATISTICS 
  STORAGE(INITIAL 65536 NEXT 1048576 MINEXTENTS 1 MAXEXTENTS 2147483645
  PCTINCREASE 0 FREELISTS 1 FREELIST GROUPS 1
  BUFFER_POOL DEFAULT FLASH_CACHE DEFAULT CELL_FLASH_CACHE DEFAULT)
  TABLESPACE "SYSTEM" ;
--------------------------------------------------------
--  DDL for Index SYS_C007472
--------------------------------------------------------

  CREATE UNIQUE INDEX "HOSPITAL_MANAGE"."SYS_C007472" ON "HOSPITAL_MANAGE"."HOADON" ("SOHD") 
  PCTFREE 10 INITRANS 2 MAXTRANS 255 COMPUTE STATISTICS 
  STORAGE(INITIAL 65536 NEXT 1048576 MINEXTENTS 1 MAXEXTENTS 2147483645
  PCTINCREASE 0 FREELISTS 1 FREELIST GROUPS 1
  BUFFER_POOL DEFAULT FLASH_CACHE DEFAULT CELL_FLASH_CACHE DEFAULT)
  TABLESPACE "SYSTEM" ;
--------------------------------------------------------
--  DDL for Index HSDV_PK
--------------------------------------------------------

  CREATE UNIQUE INDEX "HOSPITAL_MANAGE"."HSDV_PK" ON "HOSPITAL_MANAGE"."HOSO_DICHVU" ("MAKB", "MADV") 
  PCTFREE 10 INITRANS 2 MAXTRANS 255 COMPUTE STATISTICS 
  STORAGE(INITIAL 65536 NEXT 1048576 MINEXTENTS 1 MAXEXTENTS 2147483645
  PCTINCREASE 0 FREELISTS 1 FREELIST GROUPS 1
  BUFFER_POOL DEFAULT FLASH_CACHE DEFAULT CELL_FLASH_CACHE DEFAULT)
  TABLESPACE "SYSTEM" ;
--------------------------------------------------------
--  DDL for Index SYS_C007462
--------------------------------------------------------

  CREATE UNIQUE INDEX "HOSPITAL_MANAGE"."SYS_C007462" ON "HOSPITAL_MANAGE"."HOSOBN" ("MAKB") 
  PCTFREE 10 INITRANS 2 MAXTRANS 255 COMPUTE STATISTICS 
  STORAGE(INITIAL 65536 NEXT 1048576 MINEXTENTS 1 MAXEXTENTS 2147483645
  PCTINCREASE 0 FREELISTS 1 FREELIST GROUPS 1
  BUFFER_POOL DEFAULT FLASH_CACHE DEFAULT CELL_FLASH_CACHE DEFAULT)
  TABLESPACE "SYSTEM" ;
--------------------------------------------------------
--  DDL for Index SYS_C007459
--------------------------------------------------------

  CREATE UNIQUE INDEX "HOSPITAL_MANAGE"."SYS_C007459" ON "HOSPITAL_MANAGE"."NHANVIEN" ("MANV") 
  PCTFREE 10 INITRANS 2 MAXTRANS 255 COMPUTE STATISTICS 
  STORAGE(INITIAL 65536 NEXT 1048576 MINEXTENTS 1 MAXEXTENTS 2147483645
  PCTINCREASE 0 FREELISTS 1 FREELIST GROUPS 1
  BUFFER_POOL DEFAULT FLASH_CACHE DEFAULT CELL_FLASH_CACHE DEFAULT)
  TABLESPACE "SYSTEM" ;
--------------------------------------------------------
--  DDL for Index SYS_C007471
--------------------------------------------------------

  CREATE UNIQUE INDEX "HOSPITAL_MANAGE"."SYS_C007471" ON "HOSPITAL_MANAGE"."THUOC" ("MATHUOC") 
  PCTFREE 10 INITRANS 2 MAXTRANS 255 COMPUTE STATISTICS 
  STORAGE(INITIAL 65536 NEXT 1048576 MINEXTENTS 1 MAXEXTENTS 2147483645
  PCTINCREASE 0 FREELISTS 1 FREELIST GROUPS 1
  BUFFER_POOL DEFAULT FLASH_CACHE DEFAULT CELL_FLASH_CACHE DEFAULT)
  TABLESPACE "SYSTEM" ;
--------------------------------------------------------
--  Constraints for Table BENHNHAN
--------------------------------------------------------

  ALTER TABLE "HOSPITAL_MANAGE"."BENHNHAN" ADD PRIMARY KEY ("MABN")
  USING INDEX PCTFREE 10 INITRANS 2 MAXTRANS 255 COMPUTE STATISTICS 
  STORAGE(INITIAL 65536 NEXT 1048576 MINEXTENTS 1 MAXEXTENTS 2147483645
  PCTINCREASE 0 FREELISTS 1 FREELIST GROUPS 1
  BUFFER_POOL DEFAULT FLASH_CACHE DEFAULT CELL_FLASH_CACHE DEFAULT)
  TABLESPACE "SYSTEM"  ENABLE;
--------------------------------------------------------
--  Constraints for Table CHAMCONG
--------------------------------------------------------

  ALTER TABLE "HOSPITAL_MANAGE"."CHAMCONG" MODIFY ("MANV" NOT NULL ENABLE);
  ALTER TABLE "HOSPITAL_MANAGE"."CHAMCONG" MODIFY ("THANG" NOT NULL ENABLE);
  ALTER TABLE "HOSPITAL_MANAGE"."CHAMCONG" ADD CONSTRAINT "CHAMCONG_PK" PRIMARY KEY ("MANV", "THANG")
  USING INDEX PCTFREE 10 INITRANS 2 MAXTRANS 255 COMPUTE STATISTICS 
  STORAGE(INITIAL 65536 NEXT 1048576 MINEXTENTS 1 MAXEXTENTS 2147483645
  PCTINCREASE 0 FREELISTS 1 FREELIST GROUPS 1
  BUFFER_POOL DEFAULT FLASH_CACHE DEFAULT CELL_FLASH_CACHE DEFAULT)
  TABLESPACE "SYSTEM"  ENABLE;
--------------------------------------------------------
--  Constraints for Table CHITIETDONTHUOC
--------------------------------------------------------

  ALTER TABLE "HOSPITAL_MANAGE"."CHITIETDONTHUOC" MODIFY ("MAKB" NOT NULL ENABLE);
  ALTER TABLE "HOSPITAL_MANAGE"."CHITIETDONTHUOC" MODIFY ("MATHUOC" NOT NULL ENABLE);
  ALTER TABLE "HOSPITAL_MANAGE"."CHITIETDONTHUOC" ADD CONSTRAINT "CTDT_PK" PRIMARY KEY ("MAKB", "MATHUOC")
  USING INDEX PCTFREE 10 INITRANS 2 MAXTRANS 255 COMPUTE STATISTICS 
  STORAGE(INITIAL 65536 NEXT 1048576 MINEXTENTS 1 MAXEXTENTS 2147483645
  PCTINCREASE 0 FREELISTS 1 FREELIST GROUPS 1
  BUFFER_POOL DEFAULT FLASH_CACHE DEFAULT CELL_FLASH_CACHE DEFAULT)
  TABLESPACE "SYSTEM"  ENABLE;
--------------------------------------------------------
--  Constraints for Table CHITIETHD
--------------------------------------------------------

  ALTER TABLE "HOSPITAL_MANAGE"."CHITIETHD" MODIFY ("SOHD" NOT NULL ENABLE);
  ALTER TABLE "HOSPITAL_MANAGE"."CHITIETHD" MODIFY ("MADV" NOT NULL ENABLE);
  ALTER TABLE "HOSPITAL_MANAGE"."CHITIETHD" ADD CONSTRAINT "CTHD_PK" PRIMARY KEY ("SOHD", "MADV")
  USING INDEX PCTFREE 10 INITRANS 2 MAXTRANS 255 COMPUTE STATISTICS 
  STORAGE(INITIAL 65536 NEXT 1048576 MINEXTENTS 1 MAXEXTENTS 2147483645
  PCTINCREASE 0 FREELISTS 1 FREELIST GROUPS 1
  BUFFER_POOL DEFAULT FLASH_CACHE DEFAULT CELL_FLASH_CACHE DEFAULT)
  TABLESPACE "SYSTEM"  ENABLE;
--------------------------------------------------------
--  Constraints for Table DICHVU
--------------------------------------------------------
  ALTER TABLE "HOSPITAL_MANAGE"."DICHVU" ADD PRIMARY KEY ("MADV")
  USING INDEX PCTFREE 10 INITRANS 2 MAXTRANS 255 COMPUTE STATISTICS 
  STORAGE(INITIAL 65536 NEXT 1048576 MINEXTENTS 1 MAXEXTENTS 2147483645
  PCTINCREASE 0 FREELISTS 1 FREELIST GROUPS 1
  BUFFER_POOL DEFAULT FLASH_CACHE DEFAULT CELL_FLASH_CACHE DEFAULT)
  TABLESPACE "SYSTEM"  ENABLE;
--------------------------------------------------------
--  Constraints for Table DONTHUOC
--------------------------------------------------------

  ALTER TABLE "HOSPITAL_MANAGE"."DONTHUOC" ADD PRIMARY KEY ("MAKB")
  USING INDEX PCTFREE 10 INITRANS 2 MAXTRANS 255 COMPUTE STATISTICS 
  STORAGE(INITIAL 65536 NEXT 1048576 MINEXTENTS 1 MAXEXTENTS 2147483645
  PCTINCREASE 0 FREELISTS 1 FREELIST GROUPS 1
  BUFFER_POOL DEFAULT FLASH_CACHE DEFAULT CELL_FLASH_CACHE DEFAULT)
  TABLESPACE "SYSTEM"  ENABLE;
--------------------------------------------------------
--  Constraints for Table DONVI
--------------------------------------------------------

  ALTER TABLE "HOSPITAL_MANAGE"."DONVI" ADD PRIMARY KEY ("MADV")
  USING INDEX PCTFREE 10 INITRANS 2 MAXTRANS 255 COMPUTE STATISTICS 
  STORAGE(INITIAL 65536 NEXT 1048576 MINEXTENTS 1 MAXEXTENTS 2147483645
  PCTINCREASE 0 FREELISTS 1 FREELIST GROUPS 1
  BUFFER_POOL DEFAULT FLASH_CACHE DEFAULT CELL_FLASH_CACHE DEFAULT)
  TABLESPACE "SYSTEM"  ENABLE;
--------------------------------------------------------
--  Constraints for Table HOADON
--------------------------------------------------------

  ALTER TABLE "HOSPITAL_MANAGE"."HOADON" ADD PRIMARY KEY ("SOHD")
  USING INDEX PCTFREE 10 INITRANS 2 MAXTRANS 255 COMPUTE STATISTICS 
  STORAGE(INITIAL 65536 NEXT 1048576 MINEXTENTS 1 MAXEXTENTS 2147483645
  PCTINCREASE 0 FREELISTS 1 FREELIST GROUPS 1
  BUFFER_POOL DEFAULT FLASH_CACHE DEFAULT CELL_FLASH_CACHE DEFAULT)
  TABLESPACE "SYSTEM"  ENABLE;
--------------------------------------------------------
--  Constraints for Table HOSO_DICHVU
--------------------------------------------------------

  ALTER TABLE "HOSPITAL_MANAGE"."HOSO_DICHVU" MODIFY ("MAKB" NOT NULL ENABLE);
  ALTER TABLE "HOSPITAL_MANAGE"."HOSO_DICHVU" MODIFY ("MADV" NOT NULL ENABLE);
  ALTER TABLE "HOSPITAL_MANAGE"."HOSO_DICHVU" ADD CONSTRAINT "HSDV_PK" PRIMARY KEY ("MAKB", "MADV")
  USING INDEX PCTFREE 10 INITRANS 2 MAXTRANS 255 COMPUTE STATISTICS 
  STORAGE(INITIAL 65536 NEXT 1048576 MINEXTENTS 1 MAXEXTENTS 2147483645
  PCTINCREASE 0 FREELISTS 1 FREELIST GROUPS 1
  BUFFER_POOL DEFAULT FLASH_CACHE DEFAULT CELL_FLASH_CACHE DEFAULT)
  TABLESPACE "SYSTEM"  ENABLE;
--------------------------------------------------------
--  Constraints for Table HOSOBN
--------------------------------------------------------

  ALTER TABLE "HOSPITAL_MANAGE"."HOSOBN" ADD PRIMARY KEY ("MAKB")
  USING INDEX PCTFREE 10 INITRANS 2 MAXTRANS 255 COMPUTE STATISTICS 
  STORAGE(INITIAL 65536 NEXT 1048576 MINEXTENTS 1 MAXEXTENTS 2147483645
  PCTINCREASE 0 FREELISTS 1 FREELIST GROUPS 1
  BUFFER_POOL DEFAULT FLASH_CACHE DEFAULT CELL_FLASH_CACHE DEFAULT)
  TABLESPACE "SYSTEM"  ENABLE;
--------------------------------------------------------
--  Constraints for Table NHANVIEN
--------------------------------------------------------

  ALTER TABLE "HOSPITAL_MANAGE"."NHANVIEN" ADD PRIMARY KEY ("MANV")
  USING INDEX PCTFREE 10 INITRANS 2 MAXTRANS 255 COMPUTE STATISTICS 
  STORAGE(INITIAL 65536 NEXT 1048576 MINEXTENTS 1 MAXEXTENTS 2147483645
  PCTINCREASE 0 FREELISTS 1 FREELIST GROUPS 1
  BUFFER_POOL DEFAULT FLASH_CACHE DEFAULT CELL_FLASH_CACHE DEFAULT)
  TABLESPACE "SYSTEM"  ENABLE;
--------------------------------------------------------
--  Constraints for Table THUOC
--------------------------------------------------------

  ALTER TABLE "HOSPITAL_MANAGE"."THUOC" ADD PRIMARY KEY ("MATHUOC")
  USING INDEX PCTFREE 10 INITRANS 2 MAXTRANS 255 COMPUTE STATISTICS 
  STORAGE(INITIAL 65536 NEXT 1048576 MINEXTENTS 1 MAXEXTENTS 2147483645
  PCTINCREASE 0 FREELISTS 1 FREELIST GROUPS 1
  BUFFER_POOL DEFAULT FLASH_CACHE DEFAULT CELL_FLASH_CACHE DEFAULT)
  TABLESPACE "SYSTEM"  ENABLE;
--------------------------------------------------------
--  Ref Constraints for Table CHAMCONG
--------------------------------------------------------

  ALTER TABLE "HOSPITAL_MANAGE"."CHAMCONG" ADD CONSTRAINT "CHAMCONG_NHANVIEN_FK" FOREIGN KEY ("MANV")
	  REFERENCES "HOSPITAL_MANAGE"."NHANVIEN" ("MANV") ENABLE;
--------------------------------------------------------
--  Ref Constraints for Table CHITIETDONTHUOC
--------------------------------------------------------

  ALTER TABLE "HOSPITAL_MANAGE"."CHITIETDONTHUOC" ADD CONSTRAINT "CTDT_DT_FK" FOREIGN KEY ("MAKB")
	  REFERENCES "HOSPITAL_MANAGE"."DONTHUOC" ("MAKB") ENABLE;
  ALTER TABLE "HOSPITAL_MANAGE"."CHITIETDONTHUOC" ADD CONSTRAINT "CTDT_THUOC_FK" FOREIGN KEY ("MATHUOC")
	  REFERENCES "HOSPITAL_MANAGE"."THUOC" ("MATHUOC") ENABLE;
--------------------------------------------------------
--  Ref Constraints for Table CHITIETHD
--------------------------------------------------------

  ALTER TABLE "HOSPITAL_MANAGE"."CHITIETHD" ADD CONSTRAINT "CTHD_HD_FK" FOREIGN KEY ("SOHD")
	  REFERENCES "HOSPITAL_MANAGE"."HOADON" ("SOHD") ENABLE;
  ALTER TABLE "HOSPITAL_MANAGE"."CHITIETHD" ADD CONSTRAINT "CTHD_DV_FK" FOREIGN KEY ("MADV")
	  REFERENCES "HOSPITAL_MANAGE"."DICHVU" ("MADV") ENABLE;
--------------------------------------------------------
--  Ref Constraints for Table DONTHUOC
--------------------------------------------------------

  ALTER TABLE "HOSPITAL_MANAGE"."DONTHUOC" ADD CONSTRAINT "DT_HODV_FK" FOREIGN KEY ("MAKB")
	  REFERENCES "HOSPITAL_MANAGE"."HOSOBN" ("MAKB") ENABLE;
  ALTER TABLE "HOSPITAL_MANAGE"."DONTHUOC" ADD CONSTRAINT "DT_NV_FK" FOREIGN KEY ("MAKB")
	  REFERENCES "HOSPITAL_MANAGE"."NHANVIEN" ("MANV") ENABLE;
--------------------------------------------------------
--  Ref Constraints for Table HOADON
--------------------------------------------------------

  ALTER TABLE "HOSPITAL_MANAGE"."HOADON" ADD CONSTRAINT "HD_HSBN_FK" FOREIGN KEY ("MAKB")
	  REFERENCES "HOSPITAL_MANAGE"."HOSOBN" ("MAKB") ENABLE;
  ALTER TABLE "HOSPITAL_MANAGE"."HOADON" ADD CONSTRAINT "HD_NV_FK" FOREIGN KEY ("NGUOIPT")
	  REFERENCES "HOSPITAL_MANAGE"."NHANVIEN" ("MANV") ENABLE;
--------------------------------------------------------
--  Ref Constraints for Table HOSO_DICHVU
--------------------------------------------------------

  ALTER TABLE "HOSPITAL_MANAGE"."HOSO_DICHVU" ADD CONSTRAINT "HSDV_NV_FK" FOREIGN KEY ("NGUOI_TH")
	  REFERENCES "HOSPITAL_MANAGE"."NHANVIEN" ("MANV") ENABLE;
  ALTER TABLE "HOSPITAL_MANAGE"."HOSO_DICHVU" ADD CONSTRAINT "HSDV_DV_FK" FOREIGN KEY ("MADV")
	  REFERENCES "HOSPITAL_MANAGE"."DICHVU" ("MADV") ENABLE;
  ALTER TABLE "HOSPITAL_MANAGE"."HOSO_DICHVU" ADD CONSTRAINT "HDVN_HSBN_FK" FOREIGN KEY ("MAKB")
	  REFERENCES "HOSPITAL_MANAGE"."HOSOBN" ("MAKB") ENABLE;
--------------------------------------------------------
--  Ref Constraints for Table HOSOBN
--------------------------------------------------------

  ALTER TABLE "HOSPITAL_MANAGE"."HOSOBN" ADD CONSTRAINT "HSBN_NV_FK" FOREIGN KEY ("MATT")
	  REFERENCES "HOSPITAL_MANAGE"."NHANVIEN" ("MANV") ENABLE;
  ALTER TABLE "HOSPITAL_MANAGE"."HOSOBN" ADD CONSTRAINT "HSBN_NV_FK_BS" FOREIGN KEY ("MABS")
	  REFERENCES "HOSPITAL_MANAGE"."NHANVIEN" ("MANV") ENABLE;
  ALTER TABLE "HOSPITAL_MANAGE"."HOSOBN" ADD CONSTRAINT "HSBN_BN_FK" FOREIGN KEY ("MABN")
	  REFERENCES "HOSPITAL_MANAGE"."BENHNHAN" ("MABN") ENABLE;
--------------------------------------------------------
--  Ref Constraints for Table NHANVIEN
--------------------------------------------------------

  ALTER TABLE "HOSPITAL_MANAGE"."NHANVIEN" ADD CONSTRAINT "NV_DV_FK" FOREIGN KEY ("DONVI")
	  REFERENCES "HOSPITAL_MANAGE"."DONVI" ("MADV") ENABLE;
      SELECT * FROM HOSPITAL_MANAGE.hosobn;
